{"type":"FeatureCollection","features":[{"type":"Feature","properties":{"type":"Superbuoy","name":"","objl":121},"geometry":{"type":"Polygon","coordinates":[[[104.346038,-0.656803],[104.345763,-0.653504],[104.345946,-0.648557],[104.346679,-0.63738],[104.346862,-0.634631],[104.346862,-0.626202],[104.346404,-0.615941],[104.346038,-0.612185],[104.345396,-0.609437],[104.344022,-0.606322],[104.341548,-0.601466],[104.337425,-0.593678],[104.335318,-0.588823],[104.33486,-0.587265],[104.334494,-0.58525],[104.334219,-0.582959],[104.334219,-0.580394],[104.334036,-0.575813],[104.333578,-0.573339],[104.330463,-0.56711],[104.326798,-0.559689],[104.32579,-0.557123],[104.325057,-0.554466],[104.324416,-0.552176],[104.324141,-0.550619],[104.323866,-0.549336],[104.323775,-0.547503],[104.323591,-0.544572],[104.3235,-0.544205],[104.323133,-0.544022],[104.322034,-0.544572],[104.320385,-0.545305],[104.318461,-0.545488],[104.317361,-0.545488],[104.316354,-0.545305],[104.314338,-0.544572],[104.311956,-0.543289],[104.308933,-0.541273],[104.302153,-0.536968],[104.29913,-0.535318],[104.297206,-0.533852],[104.29519,-0.531562],[104.291984,-0.527165],[104.344572,-0.658177],[104.343014,-0.657536],[104.341732,-0.656436],[104.346038,-0.656803]]]}},{"type":"Feature","properties":{"type":"depth_contour","name":"","objl":30},"geometry":{"type":"LineString","coordinates":[[104.506095,-0.711474],[104.505454,-0.711749],[104.503713,-0.713398],[104.503163,-0.714039],[104.502888,-0.71468],[104.502888,-0.715138],[104.503163,-0.715596],[104.503805,-0.716329],[104.506645,-0.711565],[104.507103,-0.712023]]}},{"type":"Feature","properties":{"type":"Superbuoy","name":"","objl":121},"geometry":{"type":"Polygon","coordinates":[[[104.479893,-0.707717],[104.482091,-0.705793],[104.483007,-0.705427],[104.483649,-0.705519],[104.48429,-0.70616],[104.484657,-0.707442],[104.484748,-0.709641],[104.484473,-0.712023],[104.483924,-0.714039],[104.482916,-0.715505],[104.481542,-0.716696],[104.480076,-0.717429],[104.479526,-0.71752],[104.478976,-0.717337],[104.47861,-0.716696],[104.47806,-0.713031],[104.47806,-0.71129],[104.479893,-0.707717]]]}},{"type":"Feature","properties":{"type":"depth_contour","name":"","objl":30},"geometry":{"type":"LineString","coordinates":[[104.478427,-0.699105],[104.478885,-0.699472],[104.478976,-0.700021],[104.478335,-0.702312],[104.478152,-0.702403],[104.477877,-0.702312],[104.476594,-0.699838],[104.476503,-0.699472],[104.476778,-0.699105]]}},{"type":"Feature","properties":{"type":"Superbuoy","name":"","objl":121},"geometry":{"type":"Polygon","coordinates":[[[104.4667,-0.6926],[104.466975,-0.692692],[104.467891,-0.693792],[104.468898,-0.694982],[104.469082,-0.69599],[104.468532,-0.698006],[104.467249,-0.69938],[104.466425,-0.699563],[104.465417,-0.699472],[104.464318,-0.699014],[104.463402,-0.698189],[104.462943,-0.697273],[104.462943,-0.696815],[104.464134,-0.694433],[104.464959,-0.6926],[104.465051,-0.692509],[104.466791,-0.692784],[104.467066,-0.693333],[104.467158,-0.694433],[104.466791,-0.695899],[104.466425,-0.696174],[104.466058,-0.69599],[104.464959,-0.694066],[104.464959,-0.693242],[104.465051,-0.692784],[104.4667,-0.6926]]]}},{"type":"Feature","properties":{"type":"depth_contour","name":"","objl":30},"geometry":{"type":"LineString","coordinates":[[104.466791,-0.692784],[104.467066,-0.693333],[104.467158,-0.694433],[104.466791,-0.695899],[104.466425,-0.696174],[104.466058,-0.69599],[104.464959,-0.694066],[104.464959,-0.693242],[104.465051,-0.692784],[104.465326,-0.6926],[104.46615,-0.6926]]}},{"type":"Feature","properties":{"type":"Superbuoy","name":"","objl":121},"geometry":{"type":"Polygon","coordinates":[[[104.421164,-0.619698],[104.421988,-0.620247],[104.422721,-0.621072],[104.423362,-0.621896],[104.424278,-0.622904],[104.425011,-0.624004],[104.42547,-0.625378],[104.425653,-0.626386],[104.425561,-0.627302],[104.425011,-0.628218],[104.424095,-0.628676],[104.423179,-0.628676],[104.422263,-0.628401],[104.420889,-0.62776],[104.419789,-0.626752],[104.419056,-0.625378],[104.418598,-0.624095],[104.418415,-0.622904],[104.421164,-0.619698]]]}},{"type":"Feature","properties":{"type":"Superbuoy","name":"","objl":121},"geometry":{"type":"Polygon","coordinates":[[[104.251031,-0.491251],[104.24874,-0.489876],[104.247916,-0.485479],[104.248832,-0.481722],[104.250756,-0.478241],[104.253779,-0.473477],[104.255703,-0.463765],[104.256253,-0.456436],[104.25836,-0.45323],[104.260009,-0.452313],[104.252863,-0.4918],[104.253321,-0.490518],[104.253962,-0.489327],[104.254237,-0.48896],[104.254695,-0.488685],[104.256161,-0.487769],[104.256528,-0.487494],[104.256894,-0.486578],[104.256894,-0.485937],[104.256619,-0.482364],[104.256436,-0.480531],[104.256711,-0.479157],[104.257169,-0.478149],[104.25781,-0.477325],[104.260009,-0.474668],[104.261292,-0.472744],[104.261658,-0.471003],[104.261567,-0.463491],[104.261475,-0.456894],[104.261567,-0.455703],[104.262208,-0.453688],[104.263491,-0.450664],[104.251031,-0.491251]]]}},{"type":"Feature","properties":{"type":"Superbuoy","name":"","objl":121},"geometry":{"type":"Polygon","coordinates":[[[104.290976,-0.399084],[104.293724,-0.399176],[104.296381,-0.399542],[104.297572,-0.399634],[104.299863,-0.399542],[104.301787,-0.399267],[104.303527,-0.398717],[104.305085,-0.398168],[104.306459,-0.397435],[104.308841,-0.395694],[104.310857,-0.393312],[104.312781,-0.390014],[104.317453,-0.380394],[104.321026,-0.373523],[104.321759,-0.372148],[104.32295,-0.370408],[104.324233,-0.367934],[104.325241,-0.364819],[104.32579,-0.361887],[104.325973,-0.359963],[104.325973,-0.358314],[104.326248,-0.355932],[104.326615,-0.353825],[104.327073,-0.352451],[104.291617,-0.397893],[104.292991,-0.396335],[104.304535,-0.388823],[104.290976,-0.399084]]]}},{"type":"Feature","properties":{"type":"Superbuoy","name":"","objl":121},"geometry":{"type":"Polygon","coordinates":[[[104.265689,-0.435089],[104.265964,-0.43115],[104.270912,-0.42153],[104.275676,-0.411177],[104.276317,-0.410078],[104.27027,-0.434998],[104.270637,-0.433807],[104.271278,-0.432524],[104.273294,-0.429867],[104.276042,-0.426752],[104.276867,-0.425744],[104.277233,-0.423912],[104.277416,-0.419514],[104.277508,-0.412002],[104.265689,-0.435089]]]}},{"type":"Feature","properties":{"type":"Superbuoy","name":"","objl":121},"geometry":{"type":"Polygon","coordinates":[[[104.550527,-0.397251],[104.553917,-0.398442],[104.561796,-0.410078],[104.562345,-0.410811],[104.566835,-0.416583],[104.572515,-0.427119],[104.575905,-0.434265],[104.593037,-0.493175],[104.550618,-0.399084],[104.552084,-0.401832],[104.555566,-0.408429],[104.557398,-0.412368],[104.558955,-0.415483],[104.560788,-0.418598],[104.562987,-0.421622],[104.565644,-0.424462],[104.567018,-0.425928],[104.568117,-0.427485],[104.568942,-0.429043],[104.569491,-0.430509],[104.570224,-0.433257],[104.570591,-0.435364],[104.570957,-0.43738],[104.571782,-0.43967],[104.572332,-0.441044],[104.573065,-0.442327],[104.574989,-0.445259],[104.576088,-0.446816],[104.550527,-0.397251]]]}},{"type":"Feature","properties":{"type":"depth_contour","name":"","objl":30},"geometry":{"type":"LineString","coordinates":[[104.230875,-1.056619],[104.242235,-1.051947],[104.244801,-1.050939],[104.246725,-1.04984],[104.248191,-1.048923],[104.249015,-1.048007],[104.249656,-1.04645],[104.249656,-1.045717],[104.249473,-1.045076],[104.24874,-1.043793],[104.247549,-1.042419],[104.2459,-1.041136],[104.243793,-1.039945],[104.203573,-1.055062]]}},{"type":"Feature","properties":{"type":"depth_contour","name":"","objl":30},"geometry":{"type":"LineString","coordinates":[[110.832432,-2.992487],[110.82721,-2.990014],[110.81814,-2.985708],[110.808612,-2.981677],[110.805772,-2.980669],[110.804398,-2.980302],[110.80284,-2.980211],[110.798351,-2.980119],[110.793495,-2.980211],[110.786258,-2.980669],[110.780394,-2.98186],[110.773614,-2.983417],[110.763994,-2.985616],[110.755932,-2.987448],[110.746679,-2.989464],[110.743014,-2.99038],[110.741182,-2.990563],[110.73935,-2.990655],[110.738342,-2.990563],[110.737517,-2.990289],[110.736784,-2.989831],[110.736326,-2.989189],[110.73596,-2.988456],[110.735777,-2.98754],[110.735868,-2.985616],[110.737059,-2.982776],[110.742098,-2.975172],[110.742831,-2.973706],[110.743014,-2.973248],[110.743197,-2.972606],[110.743381,-2.971782],[110.743289,-2.971049],[110.742831,-2.969858],[110.742373,-2.9694],[110.741823,-2.969034],[110.74109,-2.968942],[110.740357,-2.969034],[110.740174,-2.969034],[110.739258,-2.969675],[110.738708,-2.970041],[110.738525,-2.970316],[110.73825,-2.970591],[110.734585,-2.977554],[110.732845,-2.979936],[110.731379,-2.981585],[110.703802,-3.01475],[110.698122,-3.017957],[110.692533,-3.02153],[110.686945,-3.025561],[110.682089,-3.029317],[110.674943,-3.034356],[110.671095,-3.036555],[110.668804,-3.037471],[110.632524,-2.959597],[110.632158,-2.955749],[110.631974,-2.951443],[110.631699,-2.942464],[110.63115,-2.935502],[110.630509,-2.930554],[110.629684,-2.924782],[110.629134,-2.922217],[110.628035,-2.919194],[110.624095,-2.911681],[110.622996,-2.90765],[110.62208,-2.903069],[110.619698,-2.893266],[110.618781,-2.89006],[110.618323,-2.888685],[110.617591,-2.887311],[110.613376,-2.880531],[110.611544,-2.877691],[110.609986,-2.874851],[110.606413,-2.868713],[110.603848,-2.864315],[110.60284,-2.86175],[110.602382,-2.860467],[110.602382,-2.859368],[110.603939,-2.856436],[110.603939,-2.856161],[110.603756,-2.854237],[110.60284,-2.852313],[110.601557,-2.851489],[110.601099,-2.851397],[110.600916,-2.851397],[110.600367,-2.851489],[110.59771,-2.852863],[110.595419,-2.854146],[110.592762,-2.855337],[110.590472,-2.855886],[110.587907,-2.85552],[110.586441,-2.85497],[110.583417,-2.853321],[110.581951,-2.852313],[110.577645,-2.849198],[110.576546,-2.848557],[110.575355,-2.848099],[110.573431,-2.847366],[110.572148,-2.847],[110.570041,-2.846725],[110.561246,-2.846175],[110.553642,-2.8459],[110.544205,-2.846083],[110.539991,-2.84645],[110.528356,-2.849015],[110.52295,-2.850115],[110.511315,-2.85442],[110.506551,-2.856161],[110.498672,-2.860101],[110.496381,-2.861383],[110.493174,-2.863307],[110.489876,-2.865781],[110.485479,-2.869263],[110.48383,-2.870453],[110.481814,-2.871553],[110.479615,-2.872927],[110.477416,-2.874576],[110.476042,-2.875676],[110.47421,-2.876958],[110.469446,-2.880165],[110.463582,-2.88383],[110.46175,-2.884929],[110.45891,-2.886395],[110.454054,-2.888685],[110.448282,-2.891342],[110.446083,-2.89235],[110.440953,-2.894457],[110.438388,-2.895465],[110.436922,-2.896015],[110.432799,-2.89803],[110.429684,-2.899771],[110.426477,-2.902153],[110.424737,-2.903527],[110.421072,-2.906459],[110.415575,-2.910673],[110.410444,-2.914521],[110.408062,-2.916445],[110.40623,-2.918278],[110.405314,-2.919377],[110.404581,-2.920568],[110.404123,-2.92066],[110.403573,-2.920751],[110.403207,-2.920385],[110.402932,-2.91956],[110.40284,-2.918827],[110.40284,-2.918003],[110.402382,-2.914796],[110.402382,-2.914521],[110.402199,-2.913422],[110.398168,-2.916445],[110.398259,-2.916903],[110.398351,-2.917819],[110.398717,-2.91956],[110.399267,-2.921301],[110.399908,-2.922584],[110.400183,-2.923042],[110.400275,-2.923408],[110.400275,-2.923866],[110.4,-2.924324],[110.399725,-2.924599],[110.396977,-2.926981],[110.391296,-2.931471],[110.386074,-2.935776],[110.383326,-2.938159],[110.378562,-2.942281],[110.37508,-2.945396],[110.373248,-2.94677],[110.370866,-2.94842],[110.367476,-2.950527],[110.365735,-2.951901],[110.36372,-2.953825],[110.361246,-2.956115],[110.359689,-2.957765],[110.355932,-2.961613],[110.350252,-2.967568],[110.347412,-2.970866],[110.345671,-2.973339],[110.323683,-2.99432],[110.322767,-2.99377],[110.321942,-2.993129],[110.320751,-2.992121],[110.319102,-2.990563],[110.318003,-2.989464],[110.31727,-2.988548],[110.316354,-2.987357],[110.314705,-2.985616]]}},{"type":"Feature","properties":{"type":"Superbuoy","name":"","objl":121},"geometry":{"type":"Polygon","coordinates":[[[106.133486,-1.842327],[106.127806,-1.835089],[106.126981,-1.83115],[106.130005,-1.825928],[106.135776,-1.824828],[106.137884,-1.823271],[106.139716,-1.819972],[106.138342,-1.816491],[106.127714,-1.813926],[106.127897,-1.813651],[106.128081,-1.813284],[106.128264,-1.812826],[106.12863,-1.812277],[106.129088,-1.811819],[106.129638,-1.81136],[106.130921,-1.810628],[106.131471,-1.810261],[106.13202,-1.809986],[106.13257,-1.809803],[106.134219,-1.809437],[106.135502,-1.80962],[106.139808,-1.81191],[106.141457,-1.81301],[106.142098,-1.813468],[106.142648,-1.814109],[106.143014,-1.814842],[106.143106,-1.815758],[106.142556,-1.818415],[106.138983,-1.828676],[106.137884,-1.832249],[106.136967,-1.836555],[106.135502,-1.845442],[106.133486,-1.842327]]]}},{"type":"Feature","properties":{"type":"depth_contour","name":"","objl":30},"geometry":{"type":"LineString","coordinates":[[103.40852,-0.304535],[103.413285,-0.305451],[103.414842,-0.305634],[103.426477,-0.306276],[103.436464,-0.306642],[103.44361,-0.306551],[103.446267,-0.306184],[103.448557,-0.30536],[103.450481,-0.304169],[103.45213,-0.302519],[103.459001,-0.293999],[103.463307,-0.28951],[103.468346,-0.285662],[103.474393,-0.281631],[103.476958,-0.277416],[103.47934,-0.272561],[103.483005,-0.265781],[103.485662,-0.260376],[103.487494,-0.255612],[103.489052,-0.251397],[103.490884,-0.247274],[103.492716,-0.243793],[103.494182,-0.241411],[103.495465,-0.23967],[103.496839,-0.238021],[103.498305,-0.236555],[103.403802,-0.303447],[103.404123,-0.30371],[103.407604,-0.305634],[103.412735,-0.3082],[103.4153,-0.309208],[103.417957,-0.310032],[103.423271,-0.311406],[103.428768,-0.312414],[103.44022,-0.314155],[103.445351,-0.315071],[103.449473,-0.316262],[103.452496,-0.317545],[103.45442,-0.318827],[103.455703,-0.320201],[103.456711,-0.321667],[103.457352,-0.323225],[103.457536,-0.324599],[103.457352,-0.325974],[103.456711,-0.327439],[103.455612,-0.329272],[103.453779,-0.331471],[103.451672,-0.333669],[103.449748,-0.335227],[103.448649,-0.336234],[103.447366,-0.3377],[103.444343,-0.342373],[103.439578,-0.350435],[103.438021,-0.353367],[103.330371,-0.259734],[103.340449,-0.258818],[103.340815,-0.258727],[103.351351,-0.257444],[103.357581,-0.256619],[103.367293,-0.25497],[103.378837,-0.252955],[103.380486,-0.252588],[103.383143,-0.251672],[103.387906,-0.249565],[103.394137,-0.246633],[103.400367,-0.244984],[103.407879,-0.243152],[103.410444,-0.242327],[103.414475,-0.24077],[103.419606,-0.238571],[103.425103,-0.235822],[103.43289,-0.231791],[103.435731,-0.229959],[103.440312,-0.226477],[103.445717,-0.222446],[103.451397,-0.218598],[103.457902,-0.214567],[103.459826,-0.213834],[103.464315,-0.21246],[103.474027,-0.20962],[103.483188,-0.207055],[103.488594,-0.205955],[103.494274,-0.205131],[103.511681,-0.205772],[103.512322,-0.206047],[103.513697,-0.206688],[103.515529,-0.208154],[103.516812,-0.20962],[103.517636,-0.211177],[103.518094,-0.212735],[103.518003,-0.214659],[103.517361,-0.217224],[103.51672,-0.218781],[103.515712,-0.220614],[103.514521,-0.222629],[103.512964,-0.224828]]}},{"type":"Feature","properties":{"type":"depth_contour","name":"","objl":30},"geometry":{"type":"LineString","coordinates":[[103.392487,-0.683463],[103.390197,-0.685295],[103.386349,-0.687769],[103.382318,-0.690151],[103.379478,-0.691526],[103.376454,-0.692716],[103.371599,-0.693999],[103.363353,-0.696198],[103.359963,-0.697022],[103.355016,-0.697847],[103.347412,-0.69913],[103.344572,-0.699496],[103.339808,-0.699679],[103.332936,-0.699954],[103.328081,-0.700504],[103.321759,-0.701603],[103.320201,-0.70197],[103.318369,-0.702611],[103.313605,-0.704718],[103.310857,-0.705909],[103.308016,-0.706917],[103.390289,-0.655612],[103.392579,-0.656894],[103.394411,-0.65836],[103.395969,-0.660009],[103.397251,-0.661841],[103.398168,-0.663674],[103.398626,-0.665598],[103.398717,-0.667247],[103.398168,-0.669812],[103.396885,-0.674301]]}},{"type":"Feature","properties":{"type":"depth_contour","name":"","objl":30},"geometry":{"type":"LineString","coordinates":[[103.365277,-0.706917],[103.361429,-0.706367],[103.357673,-0.706093],[103.355383,-0.706093],[103.34787,-0.706551],[103.340999,-0.7071],[103.331837,-0.708291],[103.3235,-0.709574],[103.318552,-0.710582],[103.310399,-0.713055],[103.306276,-0.714155],[103.303894,-0.714521],[103.302886,-0.714155],[103.300779,-0.714063],[103.29629,-0.714155],[103.289785,-0.714613],[103.283188,-0.715071],[103.276225,-0.715346],[103.271278,-0.714704],[103.268072,-0.714521],[103.266056,-0.714888],[103.265415,-0.715254],[103.26459,-0.716079],[103.264407,-0.716537],[103.264498,-0.717087],[103.264956,-0.71782],[103.267247,-0.719652],[103.275859,-0.726065],[103.281264,-0.730646],[103.286486,-0.735502],[103.291067,-0.739899],[103.294457,-0.742923],[103.295831,-0.744022],[103.297206,-0.744755],[103.298397,-0.745305],[103.299588,-0.745488],[103.301695,-0.745579],[103.303527,-0.745305],[103.306825,-0.744205],[103.308933,-0.743014],[103.312139,-0.740724],[103.31388,-0.739349],[103.315621,-0.73825],[103.318644,-0.736418],[103.321759,-0.734952],[103.32579,-0.733486],[103.329547,-0.732295],[103.332662,-0.731562],[103.34109,-0.72973],[103.352084,-0.727439],[103.357032,-0.726248],[103.359322,-0.725699],[103.365369,-0.723683],[103.368117,-0.722217],[103.370225,-0.720476],[103.368209,-0.70765],[103.371324,-0.708933],[103.372057,-0.709757],[103.372973,-0.711315],[103.373706,-0.713147],[103.373797,-0.71388],[103.373706,-0.714613],[103.373156,-0.716262],[103.371965,-0.718369]]}},{"type":"Feature","properties":{"type":"depth_contour","name":"","objl":30},"geometry":{"type":"LineString","coordinates":[[103.484379,-0.505085],[103.486761,-0.505451],[103.489418,-0.506092],[103.497847,-0.508291],[103.502794,-0.509391],[103.505909,-0.509666],[103.507009,-0.509574],[103.507925,-0.509299],[103.509574,-0.508475],[103.470454,-0.506551],[103.471736,-0.506092],[103.472744,-0.506092],[103.47366,-0.506276],[103.474485,-0.506092],[103.476042,-0.505451],[103.478058,-0.504718],[103.47934,-0.504535],[103.480715,-0.504627],[103.458543,-0.510673],[103.459551,-0.510307],[103.46065,-0.510307],[103.462941,-0.510857],[103.463491,-0.510948],[103.464132,-0.510857],[103.465415,-0.510307],[103.467888,-0.508383],[103.591113,-0.41475],[103.589464,-0.413284],[103.587265,-0.411635],[103.5847,-0.409986],[103.578745,-0.407513],[103.573248,-0.405589],[103.568026,-0.404489],[103.560238,-0.403573],[103.551718,-0.403207],[103.548969,-0.403115],[103.546404,-0.40284],[103.542098,-0.402016],[103.538525,-0.400824],[103.535593,-0.398901],[103.53486,-0.398351],[103.595236,-0.419331],[103.597618,-0.422538],[103.599542,-0.426294],[103.600825,-0.429959],[103.601557,-0.432707],[103.601557,-0.435089],[103.601191,-0.43628],[103.600916,-0.43738],[103.599817,-0.43967],[103.598534,-0.441869],[103.596977,-0.444159],[103.595053,-0.446725],[103.59377,-0.448191],[103.592029,-0.44984],[103.587174,-0.453871],[103.58076,-0.458818],[103.576088,-0.462574],[103.571507,-0.466514],[103.569217,-0.468713],[103.566102,-0.471553],[103.560055,-0.477508],[103.556299,-0.480806],[103.552634,-0.484013],[103.548603,-0.486945],[103.544755,-0.489418],[103.542006,-0.490976],[103.5388,-0.49235],[103.533852,-0.494091],[103.525332,-0.497114],[103.523683,-0.497847],[103.521668,-0.499038],[103.516628,-0.502794]]}},{"type":"Feature","properties":{"type":"depth_contour","name":"","objl":30},"geometry":{"type":"LineString","coordinates":[[109.355749,-1.665231],[109.356757,-1.666147],[109.358131,-1.667705],[109.358497,-1.669079],[109.357856,-1.670179],[109.357032,-1.670728],[109.356024,-1.670912],[109.355108,-1.670912],[109.354558,-1.670454],[109.3541,-1.66972],[109.354008,-1.668988],[109.354191,-1.667522],[109.354741,-1.665689]]}},{"type":"Feature","properties":{"type":"depth_contour","name":"","objl":30},"geometry":{"type":"LineString","coordinates":[[109.455062,-1.175996],[109.455428,-1.182409],[109.455337,-1.182593],[109.453962,-1.194228],[109.451764,-1.199084],[109.450389,-1.202932],[109.447824,-1.206596],[109.45213,-1.167384],[109.449473,-1.162071],[109.448832,-1.153733],[109.452588,-1.14219],[109.453138,-1.140632],[109.459551,-1.128997],[109.459918,-1.128447],[109.463216,-1.122126],[109.465048,-1.11049],[109.465231,-1.109391],[109.466239,-1.097847],[109.466514,-1.095557],[109.467705,-1.089785],[109.471553,-1.078241],[109.47311,-1.07366],[109.475767,-1.062208],[109.475309,-1.050573],[109.475034,-1.046083],[109.473935,-1.041686],[109.471736,-1.038388],[109.467797,-1.035089],[109.465689,-1.033165],[109.465506,-1.029501],[109.46743,-1.026569],[109.469537,-1.024095],[109.469629,-1.020431],[109.469446,-1.017774],[109.470362,-1.015483],[109.474301,-1.011361],[109.476409,-1.009162],[109.47595,-1.00678],[109.488044,-0.99377],[109.492716,-0.991571],[109.500412,-0.982868],[109.503894,-0.977554],[109.506184,-0.976454],[109.51333,-0.98131],[109.516079,-0.984059],[109.517636,-0.986441],[109.519469,-0.988731],[109.612277,-0.976729],[109.616857,-0.976088],[109.622538,-0.977554],[109.629867,-0.981127],[109.63399,-0.98241],[109.641136,-0.982868],[109.646633,-0.982318],[109.64984,-0.98415],[109.66065,-1.007146],[109.663124,-1.006963],[109.66853,-1.008154],[109.679065,-1.012185],[109.686578,-1.016583],[109.692167,-1.017865],[109.69464,-1.017591],[109.697206,-1.016308],[109.704352,-1.011269],[109.704718,-1.010994],[109.706367,-1.009162],[109.708475,-1.006871],[109.718094,-0.996702],[109.721942,-0.993312],[109.727073,-0.991021],[109.730738,-0.990655],[109.734402,-0.992029],[109.738067,-0.995053],[109.747962,-0.997251],[109.759505,-1.002107],[109.760971,-1.002749],[109.768026,-1.006322],[109.772057,-1.009345],[109.77279,-1.010261],[109.772515,-1.011819],[109.771782,-1.013926],[109.768392,-1.019514],[109.768942,-1.02547],[109.77508,-1.037013],[109.776546,-1.03967],[109.778104,-1.044068],[109.780394,-1.055611],[109.781127,-1.05891],[109.780211,-1.070453],[109.779844,-1.07421],[109.77792,-1.082364],[109.776912,-1.092716],[109.777371,-1.104352],[109.717728,-1.175355],[109.706367,-1.182409],[109.700962,-1.188731],[109.698855,-1.192854],[109.697389,-1.197984],[109.696931,-1.203298],[109.698305,-1.204856]]}},{"type":"Feature","properties":{"type":"depth_contour","name":"","objl":30},"geometry":{"type":"LineString","coordinates":[[108.790747,-1.560696],[108.791571,-1.561612],[108.791663,-1.562254],[108.791571,-1.562987],[108.791113,-1.563628],[108.790197,-1.563811],[108.789281,-1.56372],[108.788823,-1.563353],[108.788456,-1.562529],[108.788548,-1.561979],[108.789006,-1.561246],[108.789556,-1.560513]]}},{"type":"Feature","properties":{"type":"depth_contour","name":"","objl":30},"geometry":{"type":"LineString","coordinates":[[108.768392,-1.559139],[108.769217,-1.559414],[108.770591,-1.560055],[108.770866,-1.560788],[108.770683,-1.561246],[108.76995,-1.561796],[108.768942,-1.562254],[108.768392,-1.562345],[108.767751,-1.562254],[108.766743,-1.561979],[108.766377,-1.561796],[108.766285,-1.561429],[108.766193,-1.561154],[108.766285,-1.560788],[108.766835,-1.559963]]}},{"type":"Feature","properties":{"type":"depth_contour","name":"","objl":30},"geometry":{"type":"LineString","coordinates":[[109.370408,-1.496015],[109.371232,-1.497022],[109.371324,-1.497572],[109.371232,-1.498214],[109.370591,-1.498855],[109.36995,-1.49913],[109.369217,-1.499221],[109.367842,-1.499313],[109.367476,-1.499313]]}},{"type":"Feature","properties":{"type":"depth_contour","name":"","objl":30},"geometry":{"type":"Point","coordinates":[109.376729,-1.516445]}},{"type":"Feature","properties":{"type":"depth_contour","name":"","objl":30},"geometry":{"type":"LineString","coordinates":[[109.299221,-1.24874],[109.299404,-1.247641],[109.299588,-1.247274],[109.299863,-1.247091],[109.300504,-1.247183],[109.300687,-1.247366],[109.301237,-1.247732],[109.301878,-1.248466],[109.302336,-1.249382],[109.302153,-1.251489],[109.30197,-1.25213],[109.301695,-1.252497],[109.301512,-1.252863],[109.301237,-1.253046],[109.300504,-1.253138],[109.300137,-1.253046],[109.299588,-1.252863],[109.298855,-1.252405],[109.298672,-1.252222],[109.298672,-1.251947],[109.298946,-1.251031]]}},{"type":"Feature","properties":{"type":"depth_contour","name":"","objl":30},"geometry":{"type":"LineString","coordinates":[[109.225103,-1.239121],[109.225653,-1.239487],[109.226111,-1.240037],[109.226569,-1.24077],[109.226844,-1.241594],[109.227302,-1.243426],[109.227394,-1.244984],[109.227302,-1.246358],[109.226935,-1.247458],[109.226386,-1.248374],[109.225561,-1.249015]]}},{"type":"Feature","properties":{"type":"depth_contour","name":"","objl":30},"geometry":{"type":"LineString","coordinates":[[109.270087,-1.248649],[109.270179,-1.249015],[109.269995,-1.249382],[109.269721,-1.249382],[109.269629,-1.24929],[109.269171,-1.249107],[109.268804,-1.24874],[109.268163,-1.248007],[109.267888,-1.247549],[109.267797,-1.247458],[109.267613,-1.247091],[109.267888,-1.246816],[109.268255,-1.246816],[109.268529,-1.246908],[109.269171,-1.247091]]}},{"type":"Feature","properties":{"type":"depth_contour","name":"","objl":30},"geometry":{"type":"LineString","coordinates":[[109.149519,-1.282089],[109.150252,-1.281722]]}},{"type":"Feature","properties":{"type":"depth_contour","name":"","objl":30},"geometry":{"type":"LineString","coordinates":[[109.176821,-1.288685],[109.174989,-1.287586],[109.173981,-1.286853],[109.173065,-1.285937],[109.170591,-1.28328],[109.169583,-1.281631],[109.1694,-1.281081],[109.169492,-1.280256],[109.169583,-1.279249],[109.16995,-1.277966],[109.170499,-1.276684],[109.171324,-1.275584],[109.172423,-1.274576],[109.173798,-1.273843],[109.176454,-1.272927],[109.177371,-1.272836],[109.178195,-1.272927],[109.179569,-1.273752],[109.180302,-1.274301],[109.180944,-1.275034],[109.181768,-1.275859],[109.182776,-1.2765],[109.185433,-1.277416],[109.190105,-1.278516],[109.191571,-1.279065],[109.192762,-1.280165],[109.193404,-1.281448],[109.193587,-1.28218],[109.193495,-1.282913],[109.193037,-1.286212],[109.192945,-1.288319],[109.193312,-1.290884],[109.19432,-1.295373],[109.194503,-1.298305],[109.193862,-1.299496],[109.19322,-1.300046],[109.192487,-1.300412],[109.191663,-1.300687],[109.190747,-1.300779],[109.189098,-1.300046],[109.184883,-1.297114],[109.182776,-1.295557],[109.181677,-1.294457],[109.180119,-1.291892]]}},{"type":"Feature","properties":{"type":"depth_contour","name":"","objl":30},"geometry":{"type":"LineString","coordinates":[[109.167476,-1.320476],[109.164819,-1.324691],[109.161063,-1.330463]]}},{"type":"Feature","properties":{"type":"depth_contour","name":"","objl":30},"geometry":{"type":"LineString","coordinates":[[109.061841,-1.652222],[109.062574,-1.652863],[109.062849,-1.653413],[109.062941,-1.654054],[109.062941,-1.654421],[109.062758,-1.654695],[109.0623,-1.655428],[109.061841,-1.655703],[109.061658,-1.655795],[109.061475,-1.655703],[109.060834,-1.655612],[109.060467,-1.655612],[109.060192,-1.655428],[109.059917,-1.655337],[109.059826,-1.655153],[109.059734,-1.654879],[109.060559,-1.652313]]}},{"type":"Feature","properties":{"type":"depth_contour","name":"","objl":30},"geometry":{"type":"LineString","coordinates":[[108.749427,-1.578378],[108.751076,-1.578836],[108.751718,-1.579478],[108.751993,-1.581035],[108.751993,-1.58186],[108.751809,-1.582593],[108.751535,-1.583051],[108.751168,-1.583326],[108.75071,-1.583417],[108.75016,-1.583326],[108.749519,-1.583142],[108.748878,-1.582684],[108.74787,-1.581951],[108.747503,-1.581677],[108.747412,-1.581402],[108.747412,-1.58076],[108.74787,-1.579386]]}},{"type":"Feature","properties":{"type":"depth_contour","name":"","objl":30},"geometry":{"type":"LineString","coordinates":[[108.76711,-1.592396],[108.767842,-1.593037],[108.768209,-1.593953],[108.768117,-1.595236],[108.767751,-1.59661],[108.766835,-1.597252],[108.766193,-1.597343],[108.765644,-1.59716],[108.765002,-1.596518],[108.764819,-1.596061],[108.764911,-1.595602],[108.765277,-1.594595],[108.765918,-1.593129]]}},{"type":"Feature","properties":{"type":"depth_contour","name":"","objl":30},"geometry":{"type":"LineString","coordinates":[[108.78186,-1.630142],[108.783051,-1.6306],[108.783234,-1.63115],[108.782135,-1.631974],[108.78131,-1.632249],[108.780944,-1.632341],[108.779295,-1.631791],[108.778562,-1.631425],[108.778562,-1.631241],[108.779569,-1.630417]]}},{"type":"Feature","properties":{"type":"depth_contour","name":"","objl":30},"geometry":{"type":"LineString","coordinates":[[108.755841,-1.733761],[108.753367,-1.734127],[108.75016,-1.734677],[108.745854,-1.735685],[108.741915,-1.736509],[108.738067,-1.736967],[108.73596,-1.737151],[108.733761,-1.737151],[108.728447,-1.736784],[108.720934,-1.73596],[108.715529,-1.735135],[108.706459,-1.733761],[108.69803,-1.732662],[108.695923,-1.732295],[108.695282,-1.732203],[108.695099,-1.73202],[108.694366,-1.731196],[108.694182,-1.730921],[108.694182,-1.730463],[108.694366,-1.72918],[108.695557,-1.726615],[108.696473,-1.724599],[108.696656,-1.722492],[108.696748,-1.721393],[108.696656,-1.72011],[108.697022,-1.717545],[108.697572,-1.716628],[108.698213,-1.715987],[108.700046,-1.71617],[108.70426,-1.717453],[108.709299,-1.718827],[108.713788,-1.719835],[108.717636,-1.720293],[108.719285,-1.720385],[108.72066,-1.720293],[108.722859,-1.719927],[108.724691,-1.719285],[108.727348,-1.718094],[108.729913,-1.71672],[108.732662,-1.715163],[108.733394,-1.714979],[108.734219,-1.715071],[108.73596,-1.715987],[108.738158,-1.71782],[108.739991,-1.719102],[108.741457,-1.719927],[108.742006,-1.72011],[108.742648,-1.72011],[108.743381,-1.719835],[108.74448,-1.719011],[108.746129,-1.71782],[108.748145,-1.715896],[108.751901,-1.712781],[108.753184,-1.711864],[108.7541,-1.711406],[108.75749,-1.71049],[108.76033,-1.71049],[108.765094,-1.71104],[108.771324,-1.712048],[108.773798,-1.712414],[108.774989,-1.712506],[108.776729,-1.712414],[108.781585,-1.712048],[108.78809,-1.711315],[108.792304,-1.711132],[108.795694,-1.711223],[108.798717,-1.711773],[108.801099,-1.712506],[108.802749,-1.713239],[108.803756,-1.713972],[108.804581,-1.714888],[108.805039,-1.716079],[108.805314,-1.71782],[108.805314,-1.718736],[108.805131,-1.71956],[108.804489,-1.721118],[108.803848,-1.721851],[108.802932,-1.722584],[108.800366,-1.724324],[108.797526,-1.725882],[108.795236,-1.72689],[108.791663,-1.728355],[108.789464,-1.728905]]}},{"type":"Feature","properties":{"type":"depth_contour","name":"","objl":30},"geometry":{"type":"LineString","coordinates":[[108.906001,-1.536143],[108.906917,-1.533853],[108.907375,-1.533211],[108.907833,-1.532845],[108.908749,-1.53257],[108.909757,-1.532845],[108.91104,-1.533578],[108.912048,-1.534585],[108.912414,-1.535777],[108.912781,-1.537425],[108.912964,-1.538433],[108.91333,-1.539441],[108.914338,-1.54109],[108.914888,-1.541732],[108.915529,-1.54219],[108.918278,-1.543014],[108.921851,-1.543839],[108.924599,-1.544847],[108.928997,-1.547045],[108.933486,-1.549336],[108.93541,-1.550252],[108.936326,-1.550435],[108.937884,-1.550618],[108.941365,-1.55071],[108.853413,-1.561979],[108.854146,-1.563262],[108.854604,-1.564819],[108.854695,-1.566651],[108.808062,-1.584059],[108.807696,-1.583509],[108.807329,-1.582043],[108.807421,-1.580302],[108.807879,-1.578287],[108.80852,-1.576546],[108.809345,-1.574988],[108.810353,-1.573523],[108.811177,-1.572698],[108.808887,-1.584608],[108.809711,-1.585066],[108.860467,-1.586257],[108.860742,-1.58699],[108.860742,-1.588731],[108.860376,-1.590014],[108.859643,-1.59093],[108.858727,-1.59148],[108.857535,-1.592029],[108.85552,-1.592762],[108.85268,-1.59377],[108.850206,-1.594869],[108.848191,-1.596335],[108.847274,-1.597252],[108.850573,-1.606505],[108.850664,-1.607238],[108.850573,-1.608154],[108.850023,-1.610994],[108.849473,-1.613376],[108.849382,-1.615025],[108.849748,-1.618049],[108.850389,-1.621438],[108.850664,-1.622721],[108.851122,-1.62382],[108.85158,-1.625012],[108.852222,-1.626111],[108.853596,-1.628401],[108.85497,-1.630508],[108.855978,-1.632341],[108.856436,-1.633898],[108.856528,-1.634906],[108.856436,-1.635364],[108.856253,-1.635731],[108.855428,-1.63683],[108.853779,-1.638662],[108.851397,-1.640861],[108.849565,-1.642694],[108.849107,-1.64361],[108.84874,-1.645534],[108.848465,-1.648374],[108.848007,-1.650756],[108.847641,-1.65158],[108.847,-1.652313],[108.845992,-1.653046],[108.844617,-1.653688],[108.841319,-1.655153],[108.839121,-1.656253],[108.838296,-1.657169],[108.837655,-1.657994],[108.837288,-1.658818],[108.837013,-1.659643],[108.836922,-1.660925],[108.837288,-1.662208],[108.838296,-1.663216],[108.840128,-1.66459],[108.843243,-1.666331],[108.847091,-1.668346],[108.850939,-1.671003],[108.855703,-1.675034],[108.859185,-1.678241],[108.860467,-1.678974],[108.861292,-1.67934],[108.862574,-1.679615],[108.866422,-1.680165],[108.86853,-1.68044],[108.869995,-1.680806],[108.872561,-1.681906],[108.876317,-1.68383],[108.879432,-1.685296],[108.881264,-1.685753],[108.884379,-1.686212],[108.88612,-1.686303],[108.887311,-1.686212],[108.889418,-1.685662],[108.891983,-1.684471],[108.895282,-1.682272],[108.898855,-1.679615],[108.900321,-1.678516],[108.901603,-1.677783],[108.903527,-1.67705],[108.905176,-1.676683],[108.906551,-1.676134],[108.907742,-1.675401],[108.910215,-1.673294],[108.914338,-1.669537],[108.916445,-1.667705],[108.918003,-1.666697],[108.919743,-1.665964],[108.920751,-1.665689],[108.924416,-1.665781],[108.928997,-1.665873],[108.930371,-1.665964],[108.931654,-1.665873],[108.934127,-1.665781],[108.935318,-1.665781],[108.936418,-1.665598],[108.938433,-1.665323],[108.940266,-1.664956],[108.941915,-1.664315],[108.942739,-1.663949],[108.943472,-1.663399],[108.946404,-1.661383],[108.949977,-1.659185],[108.953733,-1.657902],[108.957306,-1.656894],[108.958589,-1.656619],[108.959688,-1.656161],[108.961704,-1.655428],[108.963353,-1.654512],[108.965369,-1.653046],[108.967384,-1.651306],[108.96885,-1.649748],[108.970316,-1.648099],[108.971782,-1.646633],[108.973065,-1.645442],[108.974164,-1.644526],[108.975905,-1.64361],[108.978562,-1.642602],[108.98076,-1.641961],[108.982135,-1.641503],[108.983234,-1.640953],[108.984059,-1.640495],[108.985708,-1.638846],[108.986441,-1.637838],[108.987815,-1.635456],[108.98983,-1.631516],[108.991846,-1.627393],[108.993129,-1.624645],[108.995053,-1.62098],[108.997526,-1.616308],[108.998809,-1.613651],[108.999267,-1.61246],[108.999542,-1.611269],[108.999634,-1.609986],[108.999542,-1.608795],[108.999084,-1.607604],[108.997984,-1.605222],[108.996519,-1.602107],[108.995877,-1.600092],[108.995694,-1.599542],[108.995694,-1.598901],[108.995602,-1.596061],[108.995419,-1.592762],[108.995053,-1.590747],[108.994411,-1.589281],[108.99377,-1.588365],[108.992946,-1.58754],[108.991846,-1.586807],[108.990014,-1.585891],[108.987265,-1.584883],[108.985158,-1.584334],[108.983784,-1.583875],[108.982043,-1.582959],[108.980486,-1.582043],[108.979478,-1.581219],[108.978653,-1.580211],[108.978195,-1.579753],[108.97792,-1.579111],[108.976729,-1.577462],[108.974622,-1.575355],[108.971507,-1.572881],[108.970591,-1.57224],[108.969858,-1.571507],[108.968484,-1.56995],[108.96601,-1.566926],[108.964544,-1.565186],[108.964086,-1.564544],[108.963536,-1.563445],[108.962345,-1.561704],[108.960513,-1.558864]]}},{"type":"Feature","properties":{"type":"depth_contour","name":"","objl":30},"geometry":{"type":"LineString","coordinates":[[108.79093,-1.626935],[108.79148,-1.627485],[108.791938,-1.628493],[108.792213,-1.629592],[108.791938,-1.630234]]}},{"type":"Feature","properties":{"type":"depth_contour","name":"","objl":30},"geometry":{"type":"LineString","coordinates":[[108.801008,-1.622171],[108.80229,-1.621897],[108.80339,-1.622263],[108.80394,-1.622629],[108.804306,-1.623088],[108.804489,-1.623362],[108.804489,-1.623729],[108.804398,-1.624645],[108.804214,-1.625195],[108.803848,-1.625561],[108.802749,-1.626019],[108.801558,-1.626019],[108.800825,-1.625653],[108.800183,-1.624645],[108.800092,-1.624095],[108.800183,-1.623454]]}},{"type":"Feature","properties":{"type":"depth_contour","name":"","objl":30},"geometry":{"type":"LineString","coordinates":[[108.82382,-1.562529],[108.824553,-1.562895],[108.824645,-1.563445],[108.82437,-1.563994],[108.824004,-1.564178],[108.823546,-1.564086],[108.823271,-1.563994],[108.823087,-1.56372],[108.822996,-1.563078]]}},{"type":"Feature","properties":{"type":"depth_contour","name":"","objl":30},"geometry":{"type":"LineString","coordinates":[[108.821163,-1.558039],[108.821896,-1.558406]]}},{"type":"Feature","properties":{"type":"depth_contour","name":"","objl":30},"geometry":{"type":"LineString","coordinates":[[108.816033,-1.560421],[108.816674,-1.560605],[108.817499,-1.560879],[108.81814,-1.561429],[108.818415,-1.562254],[108.818323,-1.563353],[108.818049,-1.56372],[108.817682,-1.563903],[108.817224,-1.563994]]}},{"type":"Feature","properties":{"type":"depth_contour","name":"","objl":30},"geometry":{"type":"LineString","coordinates":[[108.817407,-1.556024],[108.81814,-1.55639],[108.818232,-1.55694],[108.817957,-1.55749],[108.81759,-1.557673],[108.817132,-1.557581],[108.816857,-1.55749],[108.816674,-1.557215],[108.816583,-1.556574]]}},{"type":"Feature","properties":{"type":"depth_contour","name":"","objl":30},"geometry":{"type":"LineString","coordinates":[[108.798168,-1.562162],[108.798901,-1.562529],[108.798992,-1.563078],[108.798717,-1.563628],[108.798351,-1.563811],[108.797893,-1.56372],[108.797618,-1.563628],[108.797435,-1.563262],[108.797343,-1.562712]]}},{"type":"Feature","properties":{"type":"Superbuoy","name":"","objl":121},"geometry":{"type":"Polygon","coordinates":[[[108.963353,-1.654512],[108.965369,-1.653046],[108.967384,-1.651306],[108.96885,-1.649748],[108.970316,-1.648099],[108.971782,-1.646633],[108.973065,-1.645442],[108.974164,-1.644526],[108.975905,-1.64361],[108.978562,-1.642602],[108.98076,-1.641961],[108.982135,-1.641503],[108.983234,-1.640953],[108.984059,-1.640495],[108.985708,-1.638846],[108.986441,-1.637838],[108.987815,-1.635456],[108.98983,-1.631516],[108.991846,-1.627393],[108.993129,-1.624645],[108.995053,-1.62098],[108.997526,-1.616308],[108.998809,-1.613651],[108.999267,-1.61246],[108.999542,-1.611269],[108.999634,-1.609986],[108.999542,-1.608795],[108.999084,-1.607604],[108.997984,-1.605222],[108.996519,-1.602107],[108.995877,-1.600092],[108.995694,-1.599542],[108.995694,-1.598901],[108.995602,-1.596061],[108.995419,-1.592762],[108.995053,-1.590747],[108.994411,-1.589281],[108.99377,-1.588365],[108.992946,-1.58754],[108.991846,-1.586807],[108.990014,-1.585891],[108.987265,-1.584883],[108.985158,-1.584334],[108.983784,-1.583875],[108.982043,-1.582959],[108.980486,-1.582043],[108.979478,-1.581219],[108.978653,-1.580211],[108.978195,-1.579753],[108.97792,-1.579111],[108.976729,-1.577462],[108.974622,-1.575355],[108.971507,-1.572881],[108.970591,-1.57224],[108.969858,-1.571507],[108.968484,-1.56995],[108.96601,-1.566926],[108.964544,-1.565186],[108.964086,-1.564544],[108.963536,-1.563445],[108.962345,-1.561704],[108.960513,-1.558864],[108.963628,-1.558039],[108.975263,-1.56372],[108.98076,-1.566285],[108.986807,-1.5694],[108.992396,-1.572515],[108.99716,-1.575263],[109.000916,-1.577645],[109.00394,-1.579844],[108.963353,-1.654512]]]}},{"type":"Feature","properties":{"type":"depth_contour","name":"","objl":30},"geometry":{"type":"LineString","coordinates":[[109.147961,-1.307925],[109.146312,-1.308749],[109.144572,-1.309482],[109.143472,-1.310307],[109.141548,-1.313055],[109.139075,-1.31617],[109.137792,-1.317545],[109.136967,-1.317911],[109.136418,-1.317819],[109.13596,-1.317545],[109.134952,-1.316903],[109.134494,-1.316079],[109.134219,-1.314796],[109.134311,-1.312597],[109.134585,-1.310215],[109.134769,-1.309208],[109.135135,-1.308291],[109.13596,-1.306551],[109.137334,-1.304718],[109.138159,-1.303894],[109.139166,-1.303252],[109.141457,-1.302611],[109.144847,-1.302336],[109.146129,-1.302061],[109.147961,-1.30142],[109.149885,-1.300779],[109.15071,-1.300687],[109.151443,-1.300779],[109.152451,-1.301237],[109.152909,-1.301512],[109.153275,-1.30197],[109.153642,-1.302978],[109.15355,-1.30426],[109.152909,-1.305451],[109.151443,-1.306276]]}},{"type":"Feature","properties":{"type":"depth_contour","name":"","objl":30},"geometry":{"type":"LineString","coordinates":[[109.057719,-1.495648],[109.057444,-1.494274],[109.057627,-1.491342],[109.057719,-1.489602],[109.057627,-1.487861],[109.057077,-1.484013],[109.060192,-1.564614]]}},{"type":"Feature","properties":{"type":"depth_contour","name":"","objl":30},"geometry":{"type":"Point","coordinates":[109.033898,-1.200301]}},{"type":"Feature","properties":{"type":"depth_contour","name":"","objl":30},"geometry":{"type":"LineString","coordinates":[[109.291251,-1.216216],[109.290518,-1.215758],[109.290334,-1.215575],[109.290334,-1.2153],[109.290609,-1.214384],[109.290701,-1.214017],[109.290884,-1.212002]]}},{"type":"Feature","properties":{"type":"depth_contour","name":"","objl":30},"geometry":{"type":"LineString","coordinates":[[109.30536,-1.218781],[109.305818,-1.218965],[109.306276,-1.21924],[109.306459,-1.219606],[109.306276,-1.219972],[109.305909,-1.220064],[109.305634,-1.219972],[109.305176,-1.219789],[109.304444,-1.21924],[109.304169,-1.218781],[109.30426,-1.218598],[109.304444,-1.218507]]}},{"type":"Feature","properties":{"type":"depth_contour","name":"","objl":30},"geometry":{"type":"LineString","coordinates":[[109.30994,-1.731745],[109.310673,-1.732387],[109.311315,-1.733211],[109.311589,-1.734311],[109.311498,-1.735227],[109.31104,-1.735868],[109.310673,-1.736051],[109.310307,-1.736051],[109.309757,-1.735868],[109.309207,-1.73541],[109.309024,-1.734494],[109.308933,-1.732387]]}},{"type":"Feature","properties":{"type":"depth_contour","name":"","objl":30},"geometry":{"type":"LineString","coordinates":[[109.206322,-1.595144],[109.206871,-1.595969],[109.207421,-1.59716],[109.207604,-1.598076],[109.207513,-1.598717],[109.207329,-1.598992],[109.206963,-1.599175],[109.206688,-1.599267],[109.206505,-1.599175],[109.20568,-1.599084],[109.204764,-1.598809],[109.203573,-1.598168],[109.202748,-1.597526],[109.202657,-1.597252],[109.203298,-1.596518],[109.204581,-1.595602],[109.20568,-1.595053]]}},{"type":"Feature","properties":{"type":"depth_contour","name":"","objl":30},"geometry":{"type":"LineString","coordinates":[[109.286761,-1.213193],[109.287219,-1.216491],[109.287219,-1.218232],[109.286853,-1.218873],[109.285937,-1.219789],[109.282822,-1.222446],[109.278516,-1.225744],[109.27421,-1.229317],[109.27027,-1.23289],[109.267247,-1.236097],[109.265048,-1.238937],[109.263399,-1.241411],[109.261933,-1.243518],[109.243243,-1.248832],[109.242419,-1.248649],[109.240586,-1.247824],[109.239487,-1.247366],[109.238571,-1.246725],[109.237929,-1.246175],[109.237471,-1.245534],[109.23683,-1.244159],[109.236555,-1.242602],[109.236739,-1.239212],[109.237471,-1.235547],[109.238204,-1.233532],[109.23967,-1.231058],[109.242144,-1.227485],[109.24306,-1.226111],[109.244434,-1.224279],[109.245442,-1.222904],[109.246633,-1.220889],[109.247641,-1.21869],[109.248099,-1.216857],[109.247824,-1.214567],[109.247549,-1.212826],[109.247,-1.210994],[109.245992,-1.207513],[109.245534,-1.205131],[109.24535,-1.204214],[109.245442,-1.20339],[109.245534,-1.202474],[109.245808,-1.201649],[109.246358,-1.200275],[109.247091,-1.199359],[109.247183,-1.199267]]}},{"type":"Feature","properties":{"type":"depth_contour","name":"","objl":30},"geometry":{"type":"LineString","coordinates":[[109.400733,-0.966743],[109.400367,-0.967109],[109.400092,-0.967201],[109.399908,-0.967109],[109.39945,-0.966835],[109.399267,-0.966376],[109.399175,-0.965827],[109.399359,-0.965552],[109.399817,-0.965277],[109.400275,-0.965369],[109.400641,-0.965735]]}},{"type":"Feature","properties":{"type":"depth_contour","name":"","objl":30},"geometry":{"type":"LineString","coordinates":[[109.404581,-0.961887],[109.404673,-0.961521],[109.405131,-0.961154],[109.405589,-0.961246],[109.406138,-0.961796],[109.40623,-0.962345],[109.406047,-0.962712],[109.405589,-0.962987],[109.405039,-0.962895],[109.404764,-0.96262]]}},{"type":"Feature","properties":{"type":"depth_contour","name":"","objl":30},"geometry":{"type":"LineString","coordinates":[[109.272652,-0.943472],[109.272744,-0.94393],[109.272561,-0.944205],[109.272103,-0.944205],[109.271736,-0.943839],[109.271461,-0.943381],[109.271553,-0.942831],[109.271736,-0.942648],[109.272103,-0.942739]]}},{"type":"Feature","properties":{"type":"depth_contour","name":"","objl":30},"geometry":{"type":"Point","coordinates":[94.190004,5.029485]}},{"type":"Feature","properties":{"type":"depth_contour","name":"","objl":30},"geometry":{"type":"LineString","coordinates":[[109.264315,-0.946129],[109.26514,-0.946587],[109.265689,-0.947045],[109.266148,-0.947778],[109.266239,-0.948694],[109.266148,-0.948969],[109.265689,-0.949886],[109.26514,-0.950435],[109.264315,-0.950802],[109.262483,-0.950985]]}},{"type":"Feature","properties":{"type":"depth_contour","name":"","objl":30},"geometry":{"type":"LineString","coordinates":[[109.579478,-0.732845],[109.578653,-0.735318],[109.577462,-0.738159],[109.575263,-0.741731],[109.57453,-0.742281],[109.573706,-0.742373],[109.572881,-0.742098],[109.572148,-0.741548],[109.571324,-0.740632],[109.570499,-0.739349],[109.569308,-0.737975],[109.567384,-0.736693],[109.56546,-0.735685],[109.564453,-0.73486],[109.563536,-0.733028],[109.563445,-0.732203],[109.56372,-0.731196],[109.564178,-0.72973],[109.565002,-0.728081],[109.566926,-0.724966],[109.567934,-0.723591],[109.569125,-0.7224],[109.574072,-0.718094],[109.57618,-0.716537],[109.577187,-0.71617],[109.577829,-0.717087],[109.578562,-0.719285],[109.579661,-0.723133],[109.580119,-0.72634]]}},{"type":"Feature","properties":{"type":"depth_contour","name":"","objl":30},"geometry":{"type":"LineString","coordinates":[[109.459551,-0.718369],[109.459185,-0.71727],[109.459185,-0.716445],[109.459368,-0.715712],[109.459826,-0.715071],[109.460559,-0.714613],[109.461292,-0.714521],[109.462025,-0.714521],[109.464315,-0.714796],[109.465873,-0.715163],[109.466606,-0.715254],[109.466697,-0.715254],[109.467247,-0.715071],[109.46798,-0.714613],[109.468346,-0.714338],[109.468621,-0.71388],[109.468804,-0.712872],[109.468438,-0.711589],[109.467338,-0.709849],[109.463216,-0.705635],[109.457352,-0.700321],[109.453138,-0.69629],[109.448924,-0.691892],[109.445808,-0.689143],[109.444159,-0.688227],[109.440861,-0.686578],[109.439487,-0.68557],[109.437288,-0.683921],[109.436464,-0.68328],[109.435822,-0.682547],[109.434631,-0.681264],[109.434082,-0.680623],[109.433715,-0.67989],[109.432707,-0.677966],[109.432249,-0.676683],[109.432066,-0.675493],[109.431974,-0.673935],[109.431791,-0.673202],[109.431425,-0.672652],[109.430875,-0.672561],[109.4306,-0.672561],[109.430142,-0.672652],[109.429226,-0.672744],[109.427943,-0.672652],[109.426111,-0.672469],[109.425195,-0.672286],[109.42437,-0.671919],[109.422538,-0.671186],[109.421164,-0.670454],[109.419148,-0.669079],[109.416033,-0.666697],[109.414659,-0.665415],[109.413651,-0.664773],[109.410811,-0.663857],[109.408429,-0.663033],[109.406322,-0.662025],[109.403298,-0.660559],[109.40229,-0.660009],[109.401374,-0.659276],[109.398717,-0.657169],[109.396152,-0.655062],[109.394411,-0.653413],[109.392762,-0.651855],[109.391022,-0.650481],[109.389189,-0.649382],[109.387357,-0.648557],[109.384333,-0.647824],[109.380302,-0.647091],[109.376271,-0.646633],[109.374439,-0.646358],[109.372881,-0.6459],[109.370225,-0.644892],[109.367842,-0.643701],[109.366285,-0.642694],[109.365369,-0.641869],[109.364727,-0.641319],[109.364544,-0.641228],[109.364544,-0.641044],[109.364361,-0.640861],[109.363995,-0.64022],[109.36317,-0.638754],[109.362529,-0.636555],[109.362254,-0.634631],[109.362162,-0.634081],[109.362254,-0.633349],[109.36262,-0.63115],[109.363445,-0.62831],[109.364361,-0.626019],[109.365185,-0.624462],[109.366377,-0.623179],[109.367109,-0.622629],[109.367751,-0.622355],[109.368484,-0.622171],[109.368759,-0.62208],[109.369491,-0.62208],[109.370591,-0.622263],[109.372515,-0.622721],[109.378653,-0.625103],[109.387082,-0.628584],[109.393862,-0.63115],[109.400733,-0.63344]]}},{"type":"Feature","properties":{"type":"depth_contour","name":"","objl":30},"geometry":{"type":"LineString","coordinates":[[109.34219,-0.619331],[109.345213,-0.617316]]}},{"type":"Feature","properties":{"type":"depth_contour","name":"","objl":30},"geometry":{"type":"LineString","coordinates":[[109.321118,-0.613285],[109.321576,-0.61301],[109.322309,-0.613285],[109.322767,-0.614201],[109.32295,-0.614842],[109.32295,-0.615575],[109.321301,-0.616125]]}},{"type":"Feature","properties":{"type":"depth_contour","name":"","objl":30},"geometry":{"type":"LineString","coordinates":[[109.136051,-0.15639],[109.135502,-0.157765],[109.134127,-0.159872],[109.132478,-0.161796],[109.131287,-0.162712],[109.130737,-0.162803],[109.129913,-0.16262],[109.128997,-0.162254],[109.127897,-0.161521],[109.12579,-0.159963],[109.124324,-0.158681],[109.123775,-0.158131],[109.123408,-0.157398],[109.122767,-0.155566],[109.122675,-0.15465],[109.122767,-0.153642],[109.1235,-0.151535],[109.124141,-0.150618],[109.124874,-0.149885],[109.126798,-0.149061],[109.128905,-0.148786],[109.131287,-0.148786],[109.133303,-0.149061],[109.134677,-0.149427],[109.136051,-0.150344],[109.136509,-0.151626],[109.136509,-0.15355]]}},{"type":"Feature","properties":{"type":"depth_contour","name":"","objl":30},"geometry":{"type":"LineString","coordinates":[[109.193678,-0.072377],[109.194686,-0.072744],[109.195236,-0.073294],[109.195786,-0.074393],[109.196152,-0.075584],[109.196244,-0.076042],[109.196152,-0.076317],[109.195602,-0.07705],[109.194686,-0.077233],[109.193953,-0.077325],[109.193404,-0.077142],[109.192671,-0.076683],[109.191846,-0.075859],[109.19148,-0.075309],[109.191388,-0.07476],[109.19148,-0.07421],[109.191846,-0.073568]]}},{"type":"Feature","properties":{"type":"depth_contour","name":"","objl":30},"geometry":{"type":"LineString","coordinates":[[109.24645,-0.661384],[109.248099,-0.662025]]}},{"type":"Feature","properties":{"type":"depth_contour","name":"","objl":30},"geometry":{"type":"LineString","coordinates":[[109.413559,-1.228126],[109.413926,-1.227668],[109.414475,-1.227302],[109.415209,-1.227027],[109.415667,-1.227027],[109.416033,-1.22721],[109.416766,-1.227852],[109.417407,-1.228768],[109.417591,-1.229867],[109.417499,-1.230875],[109.417132,-1.231425],[109.416583,-1.231791],[109.415575,-1.231883],[109.415025,-1.231791],[109.414475,-1.231425],[109.413468,-1.229959]]}},{"type":"Feature","properties":{"type":"depth_contour","name":"","objl":30},"geometry":{"type":"LineString","coordinates":[[109.953733,-1.765735],[109.953825,-1.763903],[109.954466,-1.762803]]}},{"type":"Feature","properties":{"type":"depth_contour","name":"","objl":30},"geometry":{"type":"Point","coordinates":[110.067522,-1.435456]}},{"type":"Feature","properties":{"type":"depth_contour","name":"","objl":30},"geometry":{"type":"LineString","coordinates":[[104.659737,-0.018024],[104.660103,-0.018757],[104.660103,-0.019215],[104.65992,-0.019307],[104.659554,-0.019215],[104.658821,-0.018757],[104.65763,-0.017291],[104.656988,-0.016009],[104.656988,-0.015825],[104.657172,-0.015825]]}},{"type":"Feature","properties":{"type":"depth_contour","name":"","objl":30},"geometry":{"type":"LineString","coordinates":[[104.656436,-0.006871],[104.657444,-0.006596],[104.658543,-0.006596]]}},{"type":"Feature","properties":{"type":"depth_contour","name":"","objl":30},"geometry":{"type":"LineString","coordinates":[[104.504718,-0.326523],[104.505543,-0.327165],[104.505726,-0.327714],[104.505268,-0.327989],[104.503985,-0.327622],[104.50371,-0.327714],[104.503619,-0.328172],[104.50371,-0.328447],[104.503802,-0.328814],[104.50371,-0.329088],[104.503344,-0.329088],[104.503161,-0.328997],[104.502978,-0.328539],[104.502886,-0.327989],[104.502794,-0.327348],[104.502886,-0.326706],[104.503344,-0.32634]]}},{"type":"Feature","properties":{"type":"depth_contour","name":"","objl":30},"geometry":{"type":"LineString","coordinates":[[104.194778,-0.407238],[104.195053,-0.408337],[104.194503,-0.406047],[104.194411,-0.404581],[104.19432,-0.403298],[104.194411,-0.402199],[104.194686,-0.400824],[104.195328,-0.400092],[104.196335,-0.39945],[104.196977,-0.399176],[104.198076,-0.399084]]}},{"type":"Feature","properties":{"type":"Superbuoy","name":"","objl":121},"geometry":{"type":"Polygon","coordinates":[[[104.272286,-0.390472],[104.271828,-0.39093],[104.271186,-0.39148],[104.27082,-0.391755],[104.269995,-0.392121],[104.269262,-0.392304],[104.268713,-0.392487],[104.267613,-0.392487],[104.267338,-0.392396],[104.267247,-0.392396],[104.266789,-0.392213],[104.272286,-0.390472]]]}},{"type":"Feature","properties":{"type":"depth_contour","name":"","objl":30},"geometry":{"type":"LineString","coordinates":[[104.246542,-0.459917],[104.247274,-0.459368],[104.247824,-0.459276],[104.248282,-0.459643],[104.248374,-0.459917],[104.248465,-0.460284],[104.248374,-0.460467],[104.247549,-0.461292],[104.246908,-0.461658],[104.246542,-0.461658],[104.246267,-0.461475],[104.245717,-0.461017],[104.245625,-0.460834]]}},{"type":"Feature","properties":{"type":"Superbuoy","name":"","objl":121},"geometry":{"type":"Polygon","coordinates":[[[104.245167,-0.455337],[104.24645,-0.453596],[104.247641,-0.452405],[104.248649,-0.451672],[104.249565,-0.451306],[104.246542,-0.459917],[104.247274,-0.459368],[104.247824,-0.459276],[104.248282,-0.459643],[104.248374,-0.459917],[104.248465,-0.460284],[104.248374,-0.460467],[104.247549,-0.461292],[104.246908,-0.461658],[104.246542,-0.461658],[104.246267,-0.461475],[104.245717,-0.461017],[104.245625,-0.460834],[104.245167,-0.455337]]]}},{"type":"Feature","properties":{"type":"depth_contour","name":"","objl":30},"geometry":{"type":"LineString","coordinates":[[104.927989,-0.348236],[104.928172,-0.347412],[104.928539,-0.346679],[104.929088,-0.346221],[104.929821,-0.345946],[104.931287,-0.346129],[104.931928,-0.346404]]}},{"type":"Feature","properties":{"type":"depth_contour","name":"","objl":30},"geometry":{"type":"LineString","coordinates":[[104.932936,-0.337884],[104.933394,-0.338891],[104.933486,-0.33935],[104.933303,-0.339808]]}},{"type":"Feature","properties":{"type":"Superbuoy","name":"","objl":121},"geometry":{"type":"Polygon","coordinates":[[[104.183784,-0.403115],[104.183142,-0.403481],[104.182776,-0.403481],[104.182501,-0.403298],[104.181951,-0.40284],[104.181951,-0.402474],[104.182043,-0.402199],[104.182318,-0.401924],[104.182776,-0.401649],[104.183234,-0.401283],[104.183509,-0.401191],[104.184333,-0.405039],[104.183875,-0.405863],[104.183142,-0.406505],[104.18241,-0.40678],[104.181768,-0.406871],[104.18131,-0.406963],[104.180852,-0.406871],[104.180394,-0.406596],[104.179844,-0.406322],[104.177737,-0.404214],[104.174164,-0.398809],[104.172423,-0.395969],[104.171049,-0.394045],[104.165827,-0.386532],[104.164178,-0.383875],[104.163445,-0.382135],[104.163262,-0.380944],[104.163536,-0.379844],[104.164269,-0.377646],[104.164911,-0.376821],[104.165735,-0.376088],[104.166835,-0.375538],[104.168026,-0.375263],[104.168942,-0.375721],[104.1694,-0.376088],[104.169675,-0.376729],[104.181127,-0.39377],[104.180486,-0.393862],[104.179753,-0.39377],[104.178928,-0.393495],[104.178287,-0.392946],[104.177645,-0.392213],[104.177096,-0.391205],[104.176088,-0.389372],[104.175172,-0.38809],[104.173981,-0.387265],[104.17224,-0.386441],[104.170499,-0.385708],[104.169583,-0.385066],[104.169217,-0.3847],[104.169033,-0.384242],[104.168575,-0.382868],[104.168392,-0.382043],[104.168392,-0.381127],[104.168759,-0.37902],[104.169033,-0.378103],[104.1694,-0.377462],[104.169675,-0.377004],[104.183784,-0.403115]]]}},{"type":"Feature","properties":{"type":"depth_contour","name":"","objl":30},"geometry":{"type":"LineString","coordinates":[[104.181127,-0.39377],[104.180486,-0.393862],[104.179753,-0.39377],[104.178928,-0.393495],[104.178287,-0.392946],[104.177645,-0.392213],[104.177096,-0.391205],[104.176088,-0.389372],[104.175172,-0.38809],[104.173981,-0.387265],[104.17224,-0.386441],[104.170499,-0.385708],[104.169583,-0.385066],[104.169217,-0.3847],[104.169033,-0.384242],[104.168575,-0.382868],[104.168392,-0.382043],[104.168392,-0.381127],[104.168759,-0.37902],[104.169033,-0.378103],[104.1694,-0.377462],[104.169675,-0.377004],[104.181585,-0.393495],[104.181951,-0.39322],[104.182501,-0.392121],[104.182959,-0.390747],[104.183234,-0.389281],[104.183234,-0.38754],[104.182959,-0.386074],[104.182135,-0.384792],[104.181127,-0.383875],[104.179753,-0.383234],[104.178012,-0.382776],[104.177737,-0.382776],[104.177554,-0.382684],[104.17618,-0.38241],[104.17508,-0.38186],[104.174347,-0.380669],[104.173431,-0.379203]]}},{"type":"Feature","properties":{"type":"depth_contour","name":"","objl":30},"geometry":{"type":"LineString","coordinates":[[104.183784,-0.403115],[104.183142,-0.403481],[104.182776,-0.403481],[104.182501,-0.403298],[104.181951,-0.40284],[104.181951,-0.402474],[104.182043,-0.402199],[104.182318,-0.401924],[104.182776,-0.401649],[104.183234,-0.401283],[104.183509,-0.401191],[104.184059,-0.401099],[104.184517,-0.401466],[104.184608,-0.401741],[104.1847,-0.402107]]}},{"type":"Feature","properties":{"type":"depth_contour","name":"","objl":30},"geometry":{"type":"LineString","coordinates":[[104.872011,-0.323775],[104.872377,-0.324141],[104.872469,-0.324508],[104.872103,-0.324874],[104.871828,-0.325057],[104.871461,-0.324966],[104.870912,-0.324233]]}},{"type":"Feature","properties":{"type":"depth_contour","name":"","objl":30},"geometry":{"type":"LineString","coordinates":[[104.185708,-0.39432],[104.185158,-0.394595],[104.184059,-0.394686],[104.183051,-0.394778],[104.182684,-0.394595],[104.182501,-0.394045],[104.18241,-0.393495],[104.182684,-0.392487],[104.182868,-0.392029],[104.183234,-0.391663],[104.18415,-0.391388],[104.185066,-0.391663],[104.185708,-0.392487]]}},{"type":"Feature","properties":{"type":"depth_contour","name":"","objl":30},"geometry":{"type":"LineString","coordinates":[[104.210536,-0.358223],[104.211269,-0.357673],[104.211819,-0.357581],[104.212277,-0.357948],[104.212368,-0.358223],[104.21246,-0.358589],[104.212368,-0.358772],[104.211544,-0.359597],[104.210903,-0.359963],[104.210536,-0.359963],[104.210261,-0.35978],[104.209711,-0.359322],[104.20962,-0.359139]]}},{"type":"Feature","properties":{"type":"Superbuoy","name":"","objl":121},"geometry":{"type":"Polygon","coordinates":[[[104.235639,-0.371874],[104.235273,-0.371782],[104.233898,-0.372057],[104.231333,-0.37279],[104.228676,-0.373431],[104.194961,-0.366285],[104.195328,-0.36601],[104.195786,-0.365644],[104.197526,-0.36372],[104.198442,-0.362162],[104.198901,-0.36088],[104.199175,-0.35978],[104.199175,-0.358681],[104.198992,-0.356665],[104.198351,-0.353459],[104.198351,-0.352268],[104.198534,-0.35126],[104.198901,-0.350435],[104.199542,-0.349611],[104.202107,-0.347778],[104.203756,-0.347229],[104.204672,-0.347045],[104.234082,-0.363232],[104.234906,-0.367659],[104.235273,-0.369492],[104.210536,-0.358223],[104.211269,-0.357673],[104.211819,-0.357581],[104.212277,-0.357948],[104.212368,-0.358223],[104.21246,-0.358589],[104.212368,-0.358772],[104.211544,-0.359597],[104.210903,-0.359963],[104.210536,-0.359963],[104.210261,-0.35978],[104.209711,-0.359322],[104.20962,-0.359139],[104.205772,-0.350893],[104.206322,-0.350802],[104.20678,-0.350893],[104.207054,-0.35126],[104.207054,-0.351718],[104.206596,-0.352359],[104.205864,-0.353184],[104.205589,-0.353459],[104.205405,-0.353367],[104.20513,-0.352634],[104.205039,-0.351718],[104.235639,-0.371874]]]}},{"type":"Feature","properties":{"type":"Superbuoy","name":"","objl":121},"geometry":{"type":"Polygon","coordinates":[[[104.370499,-0.406688],[104.372057,-0.403023],[104.372148,-0.402932],[104.372332,-0.402565],[104.372607,-0.40229],[104.372973,-0.402016],[104.373248,-0.401924],[104.374531,-0.401741],[104.376088,-0.401924],[104.384517,-0.404123],[104.389464,-0.405039],[104.394137,-0.405405],[104.398076,-0.405314],[104.401008,-0.405039],[104.402199,-0.404856],[104.403207,-0.404489],[104.405405,-0.403573],[104.407879,-0.401832],[104.410811,-0.399267],[104.412368,-0.397801],[104.413834,-0.396152],[104.416491,-0.392579],[104.417682,-0.390747],[104.41869,-0.38864],[104.420522,-0.384608],[104.421897,-0.380669],[104.422538,-0.377462],[104.422629,-0.374714],[104.42208,-0.37224],[104.376363,-0.40907],[104.379111,-0.410353],[104.382226,-0.412735],[104.383601,-0.414109],[104.385158,-0.415208],[104.387907,-0.416857],[104.390563,-0.417682],[104.391846,-0.417774],[104.393129,-0.417682],[104.394411,-0.417499],[104.396061,-0.417041],[104.399817,-0.415575],[104.403207,-0.413926],[104.40513,-0.412552],[104.405772,-0.411819],[104.40678,-0.410994],[104.40962,-0.408887],[104.416216,-0.404672],[104.419056,-0.402565],[104.420156,-0.401374],[104.42666,-0.362345],[104.426477,-0.362712],[104.426019,-0.362804],[104.425744,-0.362529],[104.425744,-0.362437],[104.425561,-0.362071],[104.42547,-0.361704],[104.425744,-0.361338],[104.426111,-0.361429],[104.426386,-0.361704],[104.432066,-0.355291],[104.432524,-0.354924],[104.433349,-0.354833],[104.434173,-0.355016],[104.434998,-0.355749],[104.435364,-0.356848],[104.434906,-0.358406],[104.433807,-0.360696],[104.433623,-0.36088],[104.433165,-0.360788],[104.431791,-0.359963],[104.431058,-0.359322],[104.430967,-0.359139],[104.430783,-0.359047],[104.430692,-0.358864],[104.430692,-0.358681],[104.430509,-0.358131],[104.430692,-0.35749],[104.370499,-0.406688]]]}},{"type":"Feature","properties":{"type":"depth_contour","name":"","objl":30},"geometry":{"type":"LineString","coordinates":[[104.457902,-0.33312],[104.457261,-0.333761],[104.456253,-0.334311],[104.455428,-0.334402],[104.454054,-0.334036],[104.44984,-0.332295],[104.444434,-0.330096],[104.438662,-0.328081],[104.435364,-0.327073],[104.430417,-0.32634],[104.425653,-0.326981],[104.403756,-0.311223],[104.400733,-0.308933],[104.395053,-0.306825],[104.392762,-0.304901],[104.390472,-0.301237],[104.392121,-0.296198],[104.394045,-0.293999],[104.398443,-0.292442],[104.404581,-0.291892],[104.407146,-0.292167],[104.412185,-0.290793],[104.417499,-0.290609],[104.428493,-0.293266],[104.43399,-0.293816],[104.440128,-0.292716],[104.447824,-0.290793],[104.454237,-0.288319],[104.459734,-0.288411],[104.468071,-0.28383],[104.472469,-0.281631],[104.475951,-0.282364],[104.479157,-0.284013],[104.480256,-0.284471],[104.48273,-0.287677],[104.48557,-0.295923],[104.48896,-0.302336],[104.490243,-0.30765],[104.48951,-0.310948],[104.48951,-0.311132],[104.485112,-0.315254],[104.480806,-0.322767],[104.480165,-0.323225],[104.478699,-0.323683],[104.473568,-0.324874],[104.470545,-0.325515],[104.468346,-0.325607],[104.466331,-0.325882],[104.463857,-0.326706],[104.462575,-0.327348],[104.461475,-0.328172],[104.460559,-0.329088],[104.459826,-0.330096]]}},{"type":"Feature","properties":{"type":"depth_contour","name":"","objl":30},"geometry":{"type":"LineString","coordinates":[[104.387907,-0.285204],[104.388365,-0.28667],[104.387632,-0.291434],[104.384608,-0.291617],[104.383967,-0.291892],[104.383234,-0.290701],[104.383509,-0.287128],[104.383509,-0.282455],[104.384333,-0.282089],[104.385158,-0.281997],[104.386166,-0.282364],[104.386899,-0.283005]]}},{"type":"Feature","properties":{"type":"Superbuoy","name":"","objl":121},"geometry":{"type":"Polygon","coordinates":[[[104.398443,-0.292442],[104.404581,-0.291892],[104.407146,-0.292167],[104.412185,-0.290793],[104.417499,-0.290609],[104.428493,-0.293266],[104.43399,-0.293816],[104.440128,-0.292716],[104.387907,-0.285204],[104.388365,-0.28667],[104.391754,-0.284196],[104.394045,-0.283646],[104.398351,-0.282089],[104.400092,-0.281448],[104.401832,-0.281081],[104.403665,-0.281081],[104.406047,-0.281448],[104.41246,-0.283188],[104.419698,-0.28557],[104.4306,-0.289418],[104.433715,-0.290426],[104.438754,-0.291342],[104.398443,-0.292442]]]}},{"type":"Feature","properties":{"type":"depth_contour","name":"","objl":30},"geometry":{"type":"LineString","coordinates":[[104.494366,-0.327439],[104.49464,-0.327897],[104.494549,-0.328447],[104.494182,-0.328905],[104.493908,-0.329088],[104.493633,-0.328997],[104.493358,-0.328722],[104.493174,-0.328172],[104.493083,-0.327439],[104.493083,-0.327165],[104.493174,-0.326981]]}},{"type":"Feature","properties":{"type":"depth_contour","name":"","objl":30},"geometry":{"type":"LineString","coordinates":[[104.595694,-0.260559],[104.59487,-0.259826],[104.59377,-0.259276],[104.592762,-0.259093],[104.591571,-0.259276],[104.590838,-0.260559],[104.590747,-0.2612],[104.59093,-0.26175],[104.59606,-0.2612],[104.596152,-0.26175],[104.59606,-0.262025],[104.594961,-0.263033],[104.593678,-0.263399],[104.592945,-0.263216],[104.592121,-0.262758],[104.591388,-0.2623]]}},{"type":"Feature","properties":{"type":"depth_contour","name":"","objl":30},"geometry":{"type":"LineString","coordinates":[[104.440403,-0.269995],[104.440953,-0.269904],[104.441411,-0.269995],[104.441686,-0.270362],[104.441686,-0.270728],[104.441228,-0.27137],[104.440495,-0.272194],[104.44022,-0.272469],[104.440037,-0.272377],[104.439762,-0.271645],[104.43967,-0.270728]]}},{"type":"Feature","properties":{"type":"Superbuoy","name":"","objl":121},"geometry":{"type":"Polygon","coordinates":[[[104.237471,-0.360513],[104.23683,-0.360971],[104.236464,-0.361154],[104.235914,-0.361063],[104.234723,-0.360513],[104.232707,-0.358864],[104.231608,-0.336509],[104.232799,-0.334952],[104.234082,-0.333852],[104.234998,-0.333394],[104.235639,-0.333303],[104.23683,-0.333852],[104.238479,-0.335135],[104.239762,-0.337242],[104.241045,-0.342006],[104.241777,-0.345121],[104.242144,-0.347412],[104.242419,-0.349885],[104.242327,-0.351168],[104.241869,-0.352634],[104.241045,-0.3541],[104.240037,-0.355108],[104.239029,-0.355566],[104.238571,-0.355657],[104.238113,-0.355382],[104.237563,-0.354924],[104.237013,-0.3541],[104.236372,-0.352909],[104.235731,-0.351168],[104.234448,-0.348511],[104.233257,-0.346862],[104.232066,-0.345579],[104.231425,-0.345121],[104.231058,-0.344663],[104.2306,-0.344114],[104.230417,-0.34393],[104.230417,-0.343656],[104.230234,-0.343106],[104.230142,-0.342739],[104.230234,-0.342281],[104.230325,-0.341457],[104.230325,-0.34109],[104.230508,-0.340815],[104.230967,-0.340174],[104.231425,-0.33935],[104.231425,-0.338708],[104.23115,-0.338067],[104.237471,-0.360513]]]}},{"type":"Feature","properties":{"type":"depth_contour","name":"","objl":30},"geometry":{"type":"LineString","coordinates":[[104.231608,-0.336509],[104.232799,-0.334952],[104.234082,-0.333852],[104.234998,-0.333394],[104.235639,-0.333303],[104.23683,-0.333852],[104.238479,-0.335135],[104.239762,-0.337242],[104.241045,-0.342006],[104.241777,-0.345121],[104.242144,-0.347412],[104.242419,-0.349885],[104.242327,-0.351168],[104.241869,-0.352634],[104.241045,-0.3541],[104.240037,-0.355108],[104.239029,-0.355566],[104.238571,-0.355657],[104.238113,-0.355382],[104.237563,-0.354924],[104.237013,-0.3541],[104.236372,-0.352909],[104.235731,-0.351168],[104.234448,-0.348511],[104.233257,-0.346862],[104.232066,-0.345579],[104.231425,-0.345121],[104.231058,-0.344663],[104.2306,-0.344114],[104.230417,-0.34393],[104.230417,-0.343656],[104.230234,-0.343106],[104.230142,-0.342739],[104.230234,-0.342281],[104.230325,-0.341457],[104.230325,-0.34109],[104.230508,-0.340815],[104.230967,-0.340174],[104.231425,-0.33935],[104.231425,-0.338708],[104.23115,-0.338067]]}},{"type":"Feature","properties":{"type":"depth_contour","name":"","objl":30},"geometry":{"type":"LineString","coordinates":[[104.205772,-0.350893],[104.206322,-0.350802],[104.20678,-0.350893],[104.207054,-0.35126],[104.207054,-0.351718],[104.206596,-0.352359],[104.205864,-0.353184],[104.205589,-0.353459],[104.205405,-0.353367],[104.20513,-0.352634],[104.205039,-0.351718]]}},{"type":"Feature","properties":{"type":"depth_contour","name":"","objl":30},"geometry":{"type":"LineString","coordinates":[[104.460284,-0.269079],[104.460834,-0.268988],[104.461292,-0.269079],[104.461567,-0.269446],[104.461567,-0.269812],[104.461109,-0.270454],[104.460376,-0.271278],[104.460101,-0.271553],[104.459918,-0.271461],[104.459643,-0.270728],[104.459551,-0.269812]]}},{"type":"Feature","properties":{"type":"depth_contour","name":"","objl":30},"geometry":{"type":"LineString","coordinates":[[104.472377,-0.265323],[104.472927,-0.265231],[104.473385,-0.265323],[104.47366,-0.265689],[104.47366,-0.266056],[104.473202,-0.266697],[104.472469,-0.267522],[104.472194,-0.267797],[104.472011,-0.267705]]}},{"type":"Feature","properties":{"type":"depth_contour","name":"","objl":30},"geometry":{"type":"LineString","coordinates":[[104.468071,-0.271919],[104.467522,-0.272194],[104.466422,-0.272286],[104.465415,-0.272377],[104.465048,-0.272194],[104.464865,-0.271645],[104.464773,-0.271095],[104.465048,-0.270087],[104.465231,-0.269629],[104.465598,-0.269263],[104.466514,-0.268988],[104.46743,-0.269263],[104.468071,-0.270087]]}},{"type":"Feature","properties":{"type":"depth_contour","name":"","objl":30},"geometry":{"type":"LineString","coordinates":[[104.498305,-0.323133],[104.498488,-0.323866],[104.498305,-0.324324],[104.497847,-0.324508],[104.497114,-0.324141],[104.496473,-0.323591],[104.496473,-0.322858],[104.496656,-0.322034],[104.496748,-0.321667],[104.497022,-0.321576],[104.497297,-0.321759],[104.497572,-0.322034]]}},{"type":"Feature","properties":{"type":"depth_contour","name":"","objl":30},"geometry":{"type":"LineString","coordinates":[[104.432066,-0.355291],[104.432524,-0.354924],[104.433349,-0.354833],[104.434173,-0.355016],[104.434998,-0.355749],[104.435364,-0.356848],[104.434906,-0.358406],[104.433807,-0.360696],[104.433623,-0.36088],[104.433165,-0.360788],[104.431791,-0.359963],[104.431058,-0.359322],[104.430967,-0.359139],[104.430783,-0.359047],[104.430692,-0.358864],[104.430692,-0.358681],[104.430509,-0.358131],[104.430692,-0.35749]]}},{"type":"Feature","properties":{"type":"depth_contour","name":"","objl":30},"geometry":{"type":"LineString","coordinates":[[104.42666,-0.362345],[104.426477,-0.362712],[104.426019,-0.362804],[104.425744,-0.362529],[104.425744,-0.362437],[104.425561,-0.362071],[104.42547,-0.361704],[104.425744,-0.361338],[104.426111,-0.361429],[104.426386,-0.361704]]}},{"type":"Feature","properties":{"type":"depth_contour","name":"","objl":30},"geometry":{"type":"LineString","coordinates":[[104.364361,-0.392854],[104.365277,-0.392854],[104.366193,-0.393037],[104.366835,-0.393495],[104.367384,-0.394411],[104.367476,-0.394778],[104.367568,-0.395053],[104.367476,-0.395419],[104.366835,-0.396427],[104.366377,-0.396977],[104.365919,-0.397251],[104.365369,-0.397343],[104.364361,-0.39716],[104.363445,-0.396519],[104.363353,-0.395877],[104.363445,-0.395053],[104.36372,-0.393678]]}},{"type":"Feature","properties":{"type":"Superbuoy","name":"","objl":121},"geometry":{"type":"Polygon","coordinates":[[[104.833074,-0.140907],[104.833257,-0.140082],[104.835822,-0.13825],[104.83967,-0.138708],[104.845259,-0.143197],[104.845809,-0.143655],[104.850115,-0.148878],[104.85891,-0.160421],[104.862574,-0.165186],[104.866422,-0.172515],[104.867247,-0.176729],[104.833349,-0.143747],[104.833898,-0.142923],[104.834356,-0.142556],[104.834631,-0.142373],[104.835914,-0.142373],[104.833074,-0.140907]]]}},{"type":"Feature","properties":{"type":"depth_contour","name":"","objl":30},"geometry":{"type":"LineString","coordinates":[[104.8,-0.197068],[104.799817,-0.197343],[104.799542,-0.197618],[104.799084,-0.197618],[104.798809,-0.197526],[104.798626,-0.197251],[104.797984,-0.196427],[104.79771,-0.195877],[104.79771,-0.195053],[104.797801,-0.194961],[104.797984,-0.194595],[104.798442,-0.19432],[104.798901,-0.19432],[104.799542,-0.194503],[104.8,-0.195144],[104.800275,-0.195877],[104.800366,-0.196152],[104.800275,-0.196427]]}},{"type":"Feature","properties":{"type":"depth_contour","name":"","objl":30},"geometry":{"type":"LineString","coordinates":[[104.761246,-0.134402],[104.764911,-0.1388],[104.767751,-0.142739],[104.769217,-0.145305],[104.769766,-0.146954],[104.76995,-0.148511],[104.769675,-0.149977],[104.769217,-0.151077],[104.768392,-0.151901],[104.767476,-0.152542],[104.765918,-0.152634],[104.763353,-0.151901],[104.747778,-0.113147],[104.747229,-0.111681],[104.746679,-0.110765],[104.745488,-0.109574],[104.744663,-0.109024],[104.743747,-0.108658],[104.741732,-0.1082],[104.740815,-0.108108],[104.739899,-0.1082],[104.738617,-0.108566],[104.738067,-0.108933],[104.739258,-0.111589],[104.740815,-0.114521],[104.742556,-0.119377],[104.744114,-0.124049],[104.744205,-0.124782],[104.744297,-0.124966],[104.744388,-0.126615],[104.744755,-0.131196],[104.744846,-0.132661],[104.745121,-0.134036],[104.745671,-0.136418],[104.746221,-0.138983],[104.746313,-0.139441],[104.746954,-0.140174],[104.747778,-0.140907],[104.748969,-0.141457],[104.751901,-0.142464],[104.752909,-0.143014],[104.754008,-0.14393],[104.755382,-0.145305],[104.75694,-0.147045],[104.758589,-0.148786],[104.760147,-0.15016],[104.761796,-0.15126],[104.750985,-0.122309],[104.752359,-0.124966],[104.754283,-0.127256],[104.75749,-0.130463]]}},{"type":"Feature","properties":{"type":"Superbuoy","name":"","objl":121},"geometry":{"type":"Polygon","coordinates":[[[104.502794,-0.263399],[104.502703,-0.263216],[104.502336,-0.262208],[104.502153,-0.260742],[104.501786,-0.256894],[104.501512,-0.25497],[104.501054,-0.253229],[104.500412,-0.251855],[104.499588,-0.251031],[104.499038,-0.250664],[104.498763,-0.250573],[104.498397,-0.250481],[104.497114,-0.250206],[104.488868,-0.250389],[104.486028,-0.250115],[104.482913,-0.249382],[104.479249,-0.247916],[104.478241,-0.247458],[104.477142,-0.246908],[104.474943,-0.245625],[104.503802,-0.264407],[104.505451,-0.261933],[104.507192,-0.259093],[104.508475,-0.255978],[104.509208,-0.253229],[104.509391,-0.250939],[104.509024,-0.248923],[104.508016,-0.246725],[104.5071,-0.245717],[104.505909,-0.244801],[104.504352,-0.244251],[104.502428,-0.243793],[104.498763,-0.243426],[104.497481,-0.243335],[104.496564,-0.243426],[104.493908,-0.243701],[104.489143,-0.24361],[104.482913,-0.243426],[104.479524,-0.243701],[104.475859,-0.243976],[104.502794,-0.263399]]]}},{"type":"Feature","properties":{"type":"depth_contour","name":"","objl":30},"geometry":{"type":"LineString","coordinates":[[104.851672,-0.045625],[104.852405,-0.046999],[104.854421,-0.049565],[104.856345,-0.052222],[104.858635,-0.053962],[104.861017,-0.05552],[104.861383,-0.055795],[104.870728,-0.064407],[104.874851,-0.068804],[104.875767,-0.070179],[104.876775,-0.071644],[104.8776,-0.073019],[104.877691,-0.073202],[104.878241,-0.074393],[104.878791,-0.075676],[104.878882,-0.07705],[104.878699,-0.078058],[104.878332,-0.078974],[104.877875,-0.079798],[104.850115,-0.042877],[104.848923,-0.041961],[104.847641,-0.041319],[104.846358,-0.041044],[104.844984,-0.040953],[104.844068,-0.040861],[104.843152,-0.040861],[104.842236,-0.041228],[104.841503,-0.042144],[104.841319,-0.043152],[104.841503,-0.044159],[104.841594,-0.045167],[104.841869,-0.048282],[104.842785,-0.051672],[104.848649,-0.060101],[104.851214,-0.063033],[104.852863,-0.064132]]}},{"type":"Feature","properties":{"type":"depth_contour","name":"","objl":30},"geometry":{"type":"LineString","coordinates":[[104.691709,-0.0459],[104.692075,-0.046175],[104.69235,-0.046633],[104.692625,-0.047366],[104.692625,-0.047732],[104.69235,-0.048191],[104.691984,-0.048465],[104.691617,-0.048282],[104.691251,-0.047732],[104.691159,-0.046816],[104.691067,-0.045992]]}},{"type":"Feature","properties":{"type":"depth_contour","name":"","objl":30},"geometry":{"type":"LineString","coordinates":[[104.699404,-0.052313],[104.697572,-0.051764],[104.696839,-0.051764],[104.696381,-0.052039],[104.696106,-0.052405],[104.696015,-0.053046],[104.696381,-0.055795]]}},{"type":"Feature","properties":{"type":"depth_contour","name":"","objl":30},"geometry":{"type":"LineString","coordinates":[[104.532753,-0.001649],[104.533578,-0.002657],[104.533944,-0.003481],[104.533852,-0.004214],[104.533486,-0.004856],[104.53312,-0.005039],[104.53257,-0.004947],[104.532112,-0.004581],[104.531929,-0.004031],[104.53202,-0.002932],[104.532112,-0.001924]]}},{"type":"Feature","properties":{"type":"depth_contour","name":"","objl":30},"geometry":{"type":"LineString","coordinates":[[104.527714,-0.005497],[104.528539,-0.006505],[104.528905,-0.007329],[104.528814,-0.008062],[104.528447,-0.008704],[104.528081,-0.008887],[104.527531,-0.008795],[104.527073,-0.008429],[104.52689,-0.007879],[104.526981,-0.00678]]}},{"type":"Feature","properties":{"type":"depth_contour","name":"","objl":30},"geometry":{"type":"LineString","coordinates":[[104.173431,-0.362712],[104.172607,-0.362529],[104.171782,-0.362071],[104.170225,-0.361338],[104.1694,-0.360788],[104.168667,-0.360696],[104.167751,-0.36088],[104.166285,-0.361979],[104.164086,-0.364361],[104.161704,-0.366835],[104.159963,-0.367842],[104.157948,-0.368209],[104.154558,-0.368484],[104.152726,-0.368575],[104.151351,-0.368484],[104.150252,-0.368392],[104.149611,-0.368026],[104.148786,-0.367201],[104.174072,-0.362804],[104.174714,-0.36262],[104.176546,-0.361613],[104.177371,-0.360696],[104.17847,-0.359047],[104.179386,-0.357215],[104.179844,-0.355382],[104.179844,-0.353825],[104.179661,-0.352451],[104.178928,-0.350893]]}},{"type":"Feature","properties":{"type":"depth_contour","name":"","objl":30},"geometry":{"type":"LineString","coordinates":[[105.314063,-1.179936],[105.314796,-1.180302],[105.315529,-1.181035],[105.315987,-1.181951],[105.316079,-1.182776],[105.315804,-1.183784],[105.315621,-1.184059]]}},{"type":"Feature","properties":{"type":"depth_contour","name":"","objl":30},"geometry":{"type":"LineString","coordinates":[[105.265048,-1.217591],[105.264773,-1.217224],[105.264498,-1.216674],[105.264223,-1.215483],[105.263766,-1.213743],[105.263491,-1.211452],[105.263399,-1.210811],[105.263491,-1.210353],[105.263491,-1.209895],[105.263674,-1.20962],[105.264132,-1.208887],[105.264773,-1.208704],[105.265781,-1.208704],[105.266789,-1.208978],[105.268163,-1.210353],[105.270912,-1.213376],[105.27311,-1.21585],[105.274027,-1.217591],[105.274485,-1.21924],[105.274393,-1.220431],[105.273935,-1.221713],[105.273019,-1.222904],[105.271919,-1.223637],[105.271003,-1.223912],[105.270728,-1.224004],[105.270545,-1.223912],[105.269537,-1.223729],[105.268438,-1.223362],[105.267613,-1.222629],[105.267064,-1.222171],[105.266606,-1.22153],[105.265964,-1.220156],[105.265506,-1.218781]]}},{"type":"Feature","properties":{"type":"depth_contour","name":"","objl":30},"geometry":{"type":"LineString","coordinates":[[105.654606,-1.651373],[105.654515,-1.650823],[105.65479,-1.65009],[105.655156,-1.649907],[105.655614,-1.649998],[105.65598,-1.650365],[105.656164,-1.650915],[105.65598,-1.651464],[105.655614,-1.651739]]}},{"type":"Feature","properties":{"type":"depth_contour","name":"","objl":30},"geometry":{"type":"LineString","coordinates":[[105.706825,-1.622446],[105.706734,-1.621897],[105.706825,-1.621438],[105.707009,-1.621163],[105.707375,-1.62098],[105.707833,-1.621072],[105.7082,-1.621438],[105.708383,-1.621988],[105.7082,-1.622538],[105.707833,-1.622813]]}},{"type":"Feature","properties":{"type":"depth_contour","name":"","objl":30},"geometry":{"type":"LineString","coordinates":[[105.702703,-1.620431],[105.702611,-1.619881],[105.702703,-1.619423],[105.702886,-1.619148],[105.703252,-1.618965],[105.70371,-1.619056],[105.704077,-1.619423],[105.70426,-1.619973],[105.704077,-1.620522],[105.70371,-1.620797]]}},{"type":"Feature","properties":{"type":"depth_contour","name":"","objl":30},"geometry":{"type":"LineString","coordinates":[[105.705909,-1.617682],[105.705818,-1.617132],[105.705909,-1.616674],[105.706092,-1.616399],[105.706459,-1.616216],[105.706917,-1.616308],[105.707284,-1.616674],[105.707467,-1.617224],[105.707284,-1.617774],[105.706917,-1.618049]]}},{"type":"Feature","properties":{"type":"depth_contour","name":"","objl":30},"geometry":{"type":"LineString","coordinates":[[105.275492,-1.229684],[105.275218,-1.23005],[105.274851,-1.230142],[105.274485,-1.23005],[105.274118,-1.229867],[105.273843,-1.229501],[105.273752,-1.229043],[105.273935,-1.228401],[105.274301,-1.227394],[105.274485,-1.226752],[105.274576,-1.226661],[105.274668,-1.226477],[105.274851,-1.226294],[105.275126,-1.226477],[105.275309,-1.226844],[105.275492,-1.227485]]}},{"type":"Feature","properties":{"type":"depth_contour","name":"","objl":30},"geometry":{"type":"LineString","coordinates":[[106.085937,-1.718186],[106.08667,-1.716812],[106.087036,-1.715437],[106.086945,-1.714796],[106.086487,-1.714613],[106.084929,-1.718644]]}},{"type":"Feature","properties":{"type":"Superbuoy","name":"","objl":121},"geometry":{"type":"Polygon","coordinates":[[[106.095465,-1.761521],[106.096015,-1.761612],[106.096289,-1.761704],[106.097206,-1.762254],[106.098671,-1.76317],[106.100046,-1.764269],[106.101328,-1.765552],[106.102428,-1.766926],[106.103344,-1.768301],[106.104077,-1.769675],[106.104535,-1.771049],[106.104718,-1.772423],[106.104627,-1.773797],[106.10426,-1.77508],[106.103711,-1.776454],[106.102794,-1.77792],[106.102428,-1.778378],[106.102153,-1.778653],[106.101695,-1.779203],[106.099313,-1.770866],[106.096198,-1.764086],[106.095465,-1.761521]]]}},{"type":"Feature","properties":{"type":"Superbuoy","name":"","objl":121},"geometry":{"type":"Polygon","coordinates":[[[106.162437,-1.875767],[106.171141,-1.876867],[106.174897,-1.877325],[106.183143,-1.87989],[106.186716,-1.883371],[106.189006,-1.890426],[106.188914,-1.895465],[106.155291,-1.876042],[106.165644,-1.877691],[106.170225,-1.878241],[106.175263,-1.881997],[106.179844,-1.88667],[106.182501,-1.889693],[106.184975,-1.893449],[106.187723,-1.895099],[106.162437,-1.875767]]]}},{"type":"Feature","properties":{"type":"Superbuoy","name":"","objl":121},"geometry":{"type":"Polygon","coordinates":[[[106.160605,-1.995144],[106.161246,-1.984975],[106.161796,-1.974897],[106.162345,-1.963262],[106.163811,-1.961154],[106.167476,-1.962071],[106.169033,-1.968117],[106.169583,-1.978104],[106.168575,-1.989097],[106.167293,-1.995602],[106.164727,-1.997618],[106.162712,-1.998168],[106.160605,-1.995144]]]}},{"type":"Feature","properties":{"type":"Superbuoy","name":"","objl":121},"geometry":{"type":"Polygon","coordinates":[[[106.052774,-1.623063],[106.061383,-1.618782],[106.06065,-1.621988],[106.055153,-1.622171],[106.051947,-1.621347],[106.064865,-1.618782],[106.068438,-1.620614],[106.069629,-1.621622],[106.070362,-1.622538],[106.052774,-1.623063]]]}},{"type":"Feature","properties":{"type":"depth_contour","name":"","objl":30},"geometry":{"type":"LineString","coordinates":[[105.616035,-1.573223],[105.615944,-1.572674],[105.616219,-1.571941],[105.616585,-1.571758],[105.617043,-1.571849],[105.61741,-1.572216],[105.617593,-1.572765],[105.61741,-1.573315],[105.617043,-1.57359]]}},{"type":"Feature","properties":{"type":"depth_contour","name":"","objl":30},"geometry":{"type":"LineString","coordinates":[[105.65992,-1.65403],[105.659828,-1.65348],[105.660103,-1.652747],[105.66047,-1.652564],[105.660928,-1.652655],[105.661294,-1.653022],[105.661478,-1.653572],[105.661294,-1.654121],[105.660928,-1.654396]]}},{"type":"Feature","properties":{"type":"depth_contour","name":"","objl":30},"geometry":{"type":"LineString","coordinates":[[105.736145,-1.696998],[105.736054,-1.696448]]}},{"type":"Feature","properties":{"type":"depth_contour","name":"","objl":30},"geometry":{"type":"LineString","coordinates":[[105.651308,-1.647891],[105.651216,-1.647342],[105.651491,-1.646609],[105.651858,-1.646426],[105.652316,-1.646517],[105.652682,-1.646883],[105.652866,-1.647433],[105.652682,-1.647983],[105.652316,-1.648258]]}},{"type":"Feature","properties":{"type":"depth_contour","name":"","objl":30},"geometry":{"type":"LineString","coordinates":[[105.643429,-1.63424],[105.643337,-1.633691],[105.643429,-1.633233],[105.643612,-1.632958],[105.643979,-1.632775],[105.644345,-1.632866],[105.644712,-1.633233],[105.644895,-1.633782],[105.644712,-1.634332],[105.644345,-1.634607]]}},{"type":"Feature","properties":{"type":"depth_contour","name":"","objl":30},"geometry":{"type":"LineString","coordinates":[[105.641688,-1.639921],[105.641597,-1.639371],[105.641871,-1.638638],[105.642238,-1.638455],[105.642696,-1.638546],[105.643062,-1.638913],[105.643246,-1.639463],[105.643062,-1.640012],[105.642696,-1.640287]]}},{"type":"Feature","properties":{"type":"depth_contour","name":"","objl":30},"geometry":{"type":"Point","coordinates":[92.687342,-5.03952]}},{"type":"Feature","properties":{"type":"depth_contour","name":"","objl":30},"geometry":{"type":"LineString","coordinates":[[105.284471,-1.221805],[105.284746,-1.222629],[105.284746,-1.223637],[105.284471,-1.224187],[105.284104,-1.224095],[105.283646,-1.222721],[105.283646,-1.22208],[105.283555,-1.22153],[105.283555,-1.221438],[105.283738,-1.221164],[105.284013,-1.221255]]}},{"type":"Feature","properties":{"type":"depth_contour","name":"","objl":30},"geometry":{"type":"LineString","coordinates":[[105.703988,-1.742257],[105.703896,-1.741707],[105.704171,-1.740974],[105.704538,-1.740791],[105.704996,-1.740883],[105.705362,-1.741249],[105.705545,-1.741799],[105.705362,-1.742349],[105.704996,-1.742623]]}},{"type":"Feature","properties":{"type":"Superbuoy","name":"","objl":121},"geometry":{"type":"Polygon","coordinates":[[[105.720751,-1.717087],[105.719927,-1.716354],[105.719469,-1.715437],[105.719194,-1.714338],[105.719377,-1.712964],[105.72011,-1.711864],[105.721209,-1.710948],[105.7224,-1.710215],[105.723591,-1.70994],[105.724966,-1.710032],[105.726157,-1.71049],[105.726981,-1.711223],[105.727531,-1.712231],[105.727806,-1.713513],[105.727622,-1.714979],[105.72689,-1.716079],[105.72579,-1.717087],[105.724508,-1.717728],[105.723133,-1.717911],[105.720751,-1.717087]]]}},{"type":"Feature","properties":{"type":"depth_contour","name":"","objl":30},"geometry":{"type":"LineString","coordinates":[[105.739899,-1.706001],[105.739808,-1.705451],[105.739899,-1.704993],[105.740082,-1.704718],[105.740449,-1.704535],[105.740907,-1.704627],[105.741273,-1.704993],[105.741457,-1.705543],[105.741273,-1.706093],[105.740907,-1.706367]]}},{"type":"Feature","properties":{"type":"depth_contour","name":"","objl":30},"geometry":{"type":"LineString","coordinates":[[105.774805,-1.743197],[105.775447,-1.743564],[105.775813,-1.744205]]}},{"type":"Feature","properties":{"type":"depth_contour","name":"","objl":30},"geometry":{"type":"LineString","coordinates":[[105.309391,-1.167659],[105.309849,-1.169217],[105.30994,-1.170683],[105.309482,-1.172148],[105.308749,-1.173523],[105.30765,-1.174805],[105.3071,-1.175263],[105.306459,-1.175538],[105.305451,-1.17618],[105.305085,-1.176454],[105.304993,-1.176729]]}},{"type":"Feature","properties":{"type":"depth_contour","name":"","objl":30},"geometry":{"type":"LineString","coordinates":[[105.262025,-1.268621],[105.2623,-1.269446],[105.2623,-1.270453],[105.262025,-1.271003],[105.261658,-1.270912],[105.2612,-1.269537],[105.2612,-1.268896],[105.261109,-1.268346],[105.261109,-1.268255],[105.261292,-1.26798],[105.261567,-1.268072]]}},{"type":"Feature","properties":{"type":"Superbuoy","name":"","objl":121},"geometry":{"type":"Polygon","coordinates":[[[105.11617,-2.017957],[105.116262,-2.017132],[105.116537,-2.015941],[105.116995,-2.014659],[105.117545,-2.013193],[105.120018,-2.007604],[105.123683,-2.000092],[105.125149,-1.99716],[105.126248,-1.994503],[105.127164,-1.992029],[105.127623,-1.989647],[105.127806,-1.987723],[105.127531,-1.985983],[105.126248,-1.983051],[105.123133,-1.977645],[105.121942,-1.974622],[105.121118,-1.971415],[105.121026,-1.970041],[105.121301,-1.967384],[105.121393,-1.96711],[105.1224,-1.964819],[105.123866,-1.962895],[105.125699,-1.961338],[105.127806,-1.959963],[105.130554,-1.958681],[105.133486,-1.957948],[105.136509,-1.957765],[105.137242,-1.957856],[105.137609,-1.965186],[105.136143,-1.966285],[105.134769,-1.967567],[105.133853,-1.968942],[105.13312,-1.970408],[105.132845,-1.971141],[105.132661,-1.971874],[105.132936,-1.972973],[105.133578,-1.973706],[105.134494,-1.974256],[105.135227,-1.974897],[105.136967,-1.976913],[105.138342,-1.979203],[105.139075,-1.981218],[105.139441,-1.983326],[105.139624,-1.985524],[105.139441,-1.988548],[105.138891,-1.991571],[105.136601,-1.999084],[105.134677,-2.002107],[105.132387,-2.004123],[105.129088,-2.007055],[105.128355,-2.007696],[105.124599,-2.011727],[105.120843,-2.015667],[105.11617,-2.017957]]]}},{"type":"Feature","properties":{"type":"depth_contour","name":"","objl":30},"geometry":{"type":"LineString","coordinates":[[104.796244,-0.181402],[104.796427,-0.180302],[104.796885,-0.179386],[104.79716,-0.179203],[104.797526,-0.179203],[104.798626,-0.179844],[104.799633,-0.18131],[104.800183,-0.183417],[104.800275,-0.184334],[104.800458,-0.185066],[104.80055,-0.185708],[104.800275,-0.186441],[104.799817,-0.186716],[104.799359,-0.186899],[104.798626,-0.187082],[104.797893,-0.187082],[104.797526,-0.186807],[104.796977,-0.186074],[104.796519,-0.184883]]}},{"type":"Feature","properties":{"type":"depth_contour","name":"","objl":30},"geometry":{"type":"LineString","coordinates":[[104.782868,-0.187632],[104.783509,-0.187998],[104.784425,-0.188731]]}},{"type":"Feature","properties":{"type":"depth_contour","name":"","objl":30},"geometry":{"type":"LineString","coordinates":[[104.764269,-0.266331],[104.765094,-0.267064],[104.765552,-0.267613],[104.765552,-0.268255],[104.765186,-0.268713],[104.765002,-0.268896],[104.764819,-0.268713],[104.76372,-0.268163],[104.762987,-0.26743],[104.762804,-0.267155],[104.762804,-0.266789]]}},{"type":"Feature","properties":{"type":"depth_contour","name":"","objl":30},"geometry":{"type":"LineString","coordinates":[[104.775538,-0.269537],[104.77618,-0.269995],[104.776638,-0.270637],[104.777004,-0.27137],[104.777096,-0.272194],[104.777096,-0.272927],[104.776912,-0.273568],[104.77618,-0.274485],[104.775263,-0.274668],[104.774897,-0.274576],[104.77453,-0.27421],[104.774164,-0.272744],[104.774347,-0.270545]]}},{"type":"Feature","properties":{"type":"Superbuoy","name":"","objl":121},"geometry":{"type":"Polygon","coordinates":[[[104.910307,-0.182776],[104.909482,-0.183875],[104.908658,-0.184517],[104.907284,-0.184883],[104.906825,-0.1847],[104.906459,-0.184334],[104.906093,-0.183326],[104.906001,-0.182043],[104.906001,-0.180394],[104.905634,-0.179294],[104.905543,-0.178653],[104.905818,-0.177646],[104.906184,-0.176363],[104.906825,-0.174989],[104.907467,-0.173706],[104.908017,-0.173156],[104.908749,-0.173156],[104.909207,-0.173431],[104.90994,-0.174072],[104.910673,-0.174989],[104.911498,-0.176271],[104.912048,-0.17792],[104.912139,-0.178287],[104.912231,-0.178745],[104.912231,-0.179111],[104.912139,-0.179478],[104.910307,-0.182776]]]}},{"type":"Feature","properties":{"type":"depth_contour","name":"","objl":30},"geometry":{"type":"LineString","coordinates":[[104.920018,-0.133578],[104.920935,-0.132387],[104.921851,-0.132387],[104.922492,-0.132753],[104.923133,-0.133303],[104.923958,-0.134036],[104.924691,-0.13486],[104.925332,-0.13596],[104.925424,-0.136693],[104.925332,-0.137517],[104.925424,-0.13825],[104.925332,-0.139075],[104.924874,-0.139624],[104.924233,-0.140082],[104.9224,-0.141548],[104.921851,-0.141823],[104.920476,-0.142464],[104.92011,-0.142739],[104.919652,-0.142923],[104.919194,-0.142831],[104.918919,-0.142281],[104.919102,-0.141182],[104.919102,-0.138708],[104.91956,-0.136051],[104.919743,-0.13486]]}},{"type":"Feature","properties":{"type":"Superbuoy","name":"","objl":121},"geometry":{"type":"Polygon","coordinates":[[[104.913605,-0.146038],[104.912597,-0.14558],[104.912414,-0.145396],[104.912139,-0.145213],[104.911773,-0.144572],[104.911315,-0.143289],[104.91104,-0.141732],[104.910948,-0.141273],[104.910948,-0.140357],[104.91104,-0.139899],[104.91159,-0.136051],[104.912781,-0.132478],[104.914063,-0.129547],[104.915529,-0.127256],[104.916812,-0.125607],[104.918094,-0.124782],[104.919194,-0.124508],[104.920476,-0.124691],[104.922126,-0.125607],[104.924233,-0.127256],[104.926706,-0.129455],[104.930554,-0.133486],[104.931196,-0.134952],[104.931012,-0.136326],[104.929913,-0.138067],[104.928081,-0.140357],[104.92689,-0.141457],[104.925515,-0.142464],[104.920018,-0.133578],[104.920935,-0.132387],[104.921851,-0.132387],[104.922492,-0.132753],[104.923133,-0.133303],[104.923958,-0.134036],[104.924691,-0.13486],[104.925332,-0.13596],[104.925424,-0.136693],[104.925332,-0.137517],[104.925424,-0.13825],[104.925332,-0.139075],[104.924874,-0.139624],[104.924233,-0.140082],[104.9224,-0.141548],[104.921851,-0.141823],[104.920476,-0.142464],[104.92011,-0.142739],[104.919652,-0.142923],[104.919194,-0.142831],[104.918919,-0.142281],[104.919102,-0.141182],[104.919102,-0.138708],[104.91956,-0.136051],[104.919743,-0.13486],[104.913605,-0.146038]]]}},{"type":"Feature","properties":{"type":"Superbuoy","name":"","objl":121},"geometry":{"type":"Polygon","coordinates":[[[105.005314,-0.122767],[105.00678,-0.119194],[105.007879,-0.116812],[105.008612,-0.115621],[105.00907,-0.115071],[105.009528,-0.114796],[105.009895,-0.114888],[105.01017,-0.115163],[105.010628,-0.11617],[105.010902,-0.117911],[105.011177,-0.121484],[105.01191,-0.124508],[105.012277,-0.12634],[105.012277,-0.128172],[105.012002,-0.12973],[105.011544,-0.130829],[105.010902,-0.131654],[105.009986,-0.132203],[105.008978,-0.132478],[105.007971,-0.132387],[105.007054,-0.131929],[105.006047,-0.131196],[105.005405,-0.130463],[105.004764,-0.129272],[105.004306,-0.127622],[105.005314,-0.122767]]]}},{"type":"Feature","properties":{"type":"depth_contour","name":"","objl":30},"geometry":{"type":"LineString","coordinates":[[104.992487,-0.318094],[104.993495,-0.31782],[104.994686,-0.318003],[104.997435,-0.31956],[104.998626,-0.320843],[104.999175,-0.322034],[104.99945,-0.32295],[104.999175,-0.324141],[104.998717,-0.324599],[104.997618,-0.324874],[104.995511,-0.324691],[104.99432,-0.324599],[104.993037,-0.324691],[104.990655,-0.325332],[104.988823,-0.326065],[104.987265,-0.326706],[104.986716,-0.326523],[104.986349,-0.32634],[104.986166,-0.326065],[104.985799,-0.325424],[104.985799,-0.324508],[104.986532,-0.322675],[104.986807,-0.321393],[104.987265,-0.32011],[104.988548,-0.319469],[104.989922,-0.319102]]}},{"type":"Feature","properties":{"type":"depth_contour","name":"","objl":30},"geometry":{"type":"LineString","coordinates":[[104.6656,-0.018574],[104.665692,-0.018299],[104.668074,-0.020406],[104.671372,-0.024163],[104.672105,-0.025262],[104.672105,-0.026636],[104.671739,-0.027369],[104.671189,-0.027736],[104.670822,-0.027644],[104.670273,-0.026636]]}},{"type":"Feature","properties":{"type":"depth_contour","name":"","objl":30},"geometry":{"type":"LineString","coordinates":[[104.532114,-0.279591],[104.53303,-0.279683],[104.533672,-0.280049],[104.534038,-0.280507],[104.534222,-0.281057],[104.53413,-0.281515],[104.533672,-0.281973],[104.533305,-0.282065],[104.532847,-0.281973],[104.531931,-0.281148],[104.531107,-0.280232]]}},{"type":"Feature","properties":{"type":"depth_contour","name":"","objl":30},"geometry":{"type":"LineString","coordinates":[[104.677691,-0.028035],[104.678149,-0.028401],[104.678424,-0.028859],[104.678516,-0.029226],[104.678424,-0.029775],[104.678241,-0.030417],[104.677966,-0.030783],[104.677691,-0.030875],[104.677325,-0.030875],[104.676958,-0.030783],[104.676683,-0.030692],[104.676592,-0.030509],[104.676775,-0.029501]]}},{"type":"Feature","properties":{"type":"depth_contour","name":"","objl":30},"geometry":{"type":"LineString","coordinates":[[104.687678,-0.040861],[104.686945,-0.039487],[104.686761,-0.038937],[104.686853,-0.038479],[104.687128,-0.038204],[104.687494,-0.038387],[104.688227,-0.038846],[104.689327,-0.039212],[104.69006,-0.03967],[104.690609,-0.04022],[104.690701,-0.040403],[104.690609,-0.040678],[104.689785,-0.041136],[104.688777,-0.041594]]}},{"type":"Feature","properties":{"type":"depth_contour","name":"","objl":30},"geometry":{"type":"LineString","coordinates":[[104.640037,-0.270728],[104.64077,-0.271645],[104.641503,-0.272744],[104.641869,-0.273935],[104.641594,-0.275126],[104.641319,-0.275584],[104.64022,-0.276409],[104.639579,-0.276592],[104.638479,-0.2765],[104.637471,-0.27595],[104.637013,-0.275584],[104.636738,-0.275126],[104.63628,-0.274118],[104.636097,-0.273019],[104.636097,-0.272011],[104.636372,-0.271003],[104.636922,-0.270362],[104.638021,-0.270087]]}},{"type":"Feature","properties":{"type":"Superbuoy","name":"","objl":121},"geometry":{"type":"Polygon","coordinates":[[[104.749061,-0.113514],[104.749427,-0.113055],[104.749886,-0.112872],[104.750527,-0.113055],[104.751351,-0.113605],[104.752176,-0.11443],[104.753,-0.115437],[104.754466,-0.118003],[104.754924,-0.119285],[104.755291,-0.120476],[104.755382,-0.121667],[104.755291,-0.122767],[104.755016,-0.123683],[104.75465,-0.124508],[104.754283,-0.125057],[104.754008,-0.125515],[104.750985,-0.122309],[104.752359,-0.124966],[104.749061,-0.113514]]]}},{"type":"Feature","properties":{"type":"depth_contour","name":"","objl":30},"geometry":{"type":"LineString","coordinates":[[104.751809,-0.158039],[104.751076,-0.156024],[104.75071,-0.154466],[104.750618,-0.153825],[104.75071,-0.153367],[104.750893,-0.152634],[104.75126,-0.152176],[104.751626,-0.152268],[104.752176,-0.152909],[104.7541,-0.155566],[104.755841,-0.158681],[104.756207,-0.159689],[104.756207,-0.160421],[104.755932,-0.161246],[104.755749,-0.161154],[104.755291,-0.160788],[104.754558,-0.160513],[104.753642,-0.160238],[104.752909,-0.159505]]}},{"type":"Feature","properties":{"type":"depth_contour","name":"","objl":30},"geometry":{"type":"LineString","coordinates":[[104.774805,-0.134311],[104.774714,-0.13486],[104.774439,-0.136418],[104.774164,-0.137151],[104.773889,-0.137426],[104.773614,-0.137517],[104.77334,-0.137426],[104.771965,-0.136509],[104.771599,-0.136051],[104.771324,-0.135685],[104.771232,-0.135227],[104.771049,-0.134494],[104.771141,-0.133944],[104.771232,-0.133028],[104.771324,-0.132845],[104.77169,-0.132753],[104.772881,-0.13312],[104.774164,-0.133669]]}},{"type":"Feature","properties":{"type":"Superbuoy","name":"","objl":121},"geometry":{"type":"Polygon","coordinates":[[[104.763262,-0.133211],[104.763628,-0.13312],[104.764453,-0.132845],[104.766926,-0.131654],[104.768759,-0.130829],[104.761246,-0.134402],[104.764911,-0.1388],[104.767751,-0.142739],[104.769217,-0.145305],[104.769766,-0.146954],[104.76995,-0.148511],[104.769675,-0.149977],[104.769217,-0.151077],[104.768392,-0.151901],[104.767476,-0.152542],[104.765918,-0.152634],[104.763353,-0.151901],[104.774805,-0.134311],[104.774714,-0.13486],[104.774439,-0.136418],[104.774164,-0.137151],[104.773889,-0.137426],[104.773614,-0.137517],[104.77334,-0.137426],[104.771965,-0.136509],[104.771599,-0.136051],[104.771324,-0.135685],[104.771232,-0.135227],[104.771049,-0.134494],[104.771141,-0.133944],[104.771232,-0.133028],[104.771324,-0.132845],[104.77169,-0.132753],[104.772881,-0.13312],[104.774164,-0.133669],[104.763262,-0.133211]]]}},{"type":"Feature","properties":{"type":"depth_contour","name":"","objl":30},"geometry":{"type":"LineString","coordinates":[[104.817132,-0.018781],[104.816766,-0.018781],[104.816399,-0.018598],[104.816216,-0.018232],[104.816308,-0.017682],[104.816491,-0.017407],[104.817041,-0.017499],[104.817316,-0.017865],[104.817407,-0.018323]]}},{"type":"Feature","properties":{"type":"depth_contour","name":"","objl":30},"geometry":{"type":"LineString","coordinates":[[104.820247,-0.022263],[104.819881,-0.022263],[104.819514,-0.02208],[104.819331,-0.021713],[104.819423,-0.021164],[104.819606,-0.020889],[104.820156,-0.02098],[104.820431,-0.021347],[104.820522,-0.021805]]}},{"type":"Feature","properties":{"type":"depth_contour","name":"","objl":30},"geometry":{"type":"LineString","coordinates":[[104.821622,-0.008795],[104.821896,-0.00852],[104.822355,-0.008429]]}},{"type":"Feature","properties":{"type":"depth_contour","name":"","objl":30},"geometry":{"type":"LineString","coordinates":[[104.82382,-0.026661],[104.823454,-0.026661],[104.823087,-0.026477],[104.822904,-0.026111],[104.822996,-0.025561],[104.823179,-0.025286],[104.823729,-0.025378],[104.824004,-0.025744],[104.824095,-0.026203]]}},{"type":"Feature","properties":{"type":"depth_contour","name":"","objl":30},"geometry":{"type":"LineString","coordinates":[[104.832524,-0.019606],[104.832249,-0.020064],[104.831883,-0.020431],[104.831333,-0.020522],[104.830783,-0.020247],[104.830234,-0.019606]]}},{"type":"Feature","properties":{"type":"depth_contour","name":"","objl":30},"geometry":{"type":"LineString","coordinates":[[104.839306,-0.034241],[104.839673,-0.03589],[104.839306,-0.036623],[104.838848,-0.036897]]}},{"type":"Feature","properties":{"type":"depth_contour","name":"","objl":30},"geometry":{"type":"LineString","coordinates":[[104.832982,-0.059643],[104.832341,-0.059185],[104.831883,-0.058543],[104.831791,-0.057994],[104.831883,-0.057536],[104.832249,-0.056986],[104.832799,-0.056711],[104.83344,-0.056619],[104.834448,-0.056711],[104.835273,-0.057169],[104.836189,-0.057627],[104.83967,-0.05891],[104.841044,-0.059551],[104.842327,-0.060467],[104.843243,-0.061658],[104.843793,-0.063033],[104.844892,-0.066331],[104.845167,-0.068346],[104.845259,-0.069354],[104.845167,-0.070545],[104.844984,-0.071186],[104.844617,-0.071828],[104.843976,-0.072103],[104.843518,-0.071919],[104.843152,-0.071553],[104.842877,-0.071186],[104.842419,-0.07082],[104.840311,-0.068804],[104.839487,-0.068255]]}},{"type":"Feature","properties":{"type":"depth_contour","name":"","objl":30},"geometry":{"type":"LineString","coordinates":[[109.926248,-1.791388],[109.925698,-1.791205],[109.925241,-1.790838],[109.924691,-1.790289],[109.924416,-1.789647],[109.924508,-1.788823],[109.924874,-1.788181],[109.925424,-1.787815],[109.926157,-1.787815],[109.926798,-1.78809],[109.927165,-1.788548],[109.927348,-1.789189],[109.927531,-1.790014],[109.927348,-1.790655]]}},{"type":"Feature","properties":{"type":"depth_contour","name":"","objl":30},"geometry":{"type":"LineString","coordinates":[[109.306459,-0.599908],[109.306642,-0.599542],[109.306917,-0.599359],[109.307467,-0.599084],[109.309482,-0.598534],[109.313697,-0.597893]]}},{"type":"Feature","properties":{"type":"depth_contour","name":"","objl":30},"geometry":{"type":"LineString","coordinates":[[109.265048,-0.600733],[109.266606,-0.601191],[109.26743,-0.601649],[109.26798,-0.602382],[109.268255,-0.603298],[109.268346,-0.604581],[109.268071,-0.60568],[109.267888,-0.605955],[109.267338,-0.606138],[109.26688,-0.606047],[109.26514,-0.605131],[109.264865,-0.604764],[109.264498,-0.602657]]}},{"type":"Feature","properties":{"type":"depth_contour","name":"","objl":30},"geometry":{"type":"LineString","coordinates":[[109.2,-0.106184],[109.199817,-0.104535],[109.199908,-0.102886],[109.200275,-0.101328],[109.207696,-0.097206],[109.206413,-0.089143],[109.204123,-0.082364],[109.200183,-0.07082],[109.196152,-0.060284],[109.193495,-0.057719],[109.187998,-0.053321],[109.185983,-0.051489],[109.179386,-0.044159],[109.175721,-0.038662],[109.173798,-0.030509],[109.174531,-0.02382],[109.174622,-0.02382],[109.179294,-0.012185],[109.183967,-0.000641]]}},{"type":"Feature","properties":{"type":"depth_contour","name":"","objl":30},"geometry":{"type":"LineString","coordinates":[[109.214661,-0.555541],[109.213745,-0.556091],[109.213012,-0.556183],[109.212462,-0.555999],[109.212279,-0.555541],[109.212279,-0.554992],[109.21292,-0.554534],[109.21402,-0.55435],[109.214478,-0.554442],[109.214753,-0.5549]]}},{"type":"Feature","properties":{"type":"depth_contour","name":"","objl":30},"geometry":{"type":"LineString","coordinates":[[109.107284,-0.182135],[109.108383,-0.181219],[109.109574,-0.18076],[109.110399,-0.180944],[109.111773,-0.181585],[109.112964,-0.182776],[109.11333,-0.183875],[109.113239,-0.185066],[109.112872,-0.186074],[109.112231,-0.187357],[109.111498,-0.188181],[109.110673,-0.188639],[109.109574,-0.188914]]}},{"type":"Feature","properties":{"type":"depth_contour","name":"","objl":30},"geometry":{"type":"LineString","coordinates":[[109.161796,-0.183143],[109.151535,-0.180486],[109.146862,-0.179203],[109.14448,-0.178378],[109.139349,-0.17618],[109.136876,-0.174805],[109.131929,-0.171782],[109.129638,-0.170316],[109.127714,-0.169308],[109.126157,-0.168667],[109.125057,-0.168484],[109.124049,-0.168575],[109.123042,-0.168942],[109.112414,-0.192579],[109.112781,-0.19322],[109.113055,-0.193587],[109.113605,-0.193862],[109.114979,-0.19432],[109.116537,-0.194595],[109.117636,-0.194595],[109.124141,-0.193953],[109.129272,-0.193587],[109.133028,-0.193679],[109.141823,-0.194595],[109.146038,-0.194961]]}},{"type":"Feature","properties":{"type":"depth_contour","name":"","objl":30},"geometry":{"type":"LineString","coordinates":[[109.136693,-0.118278],[109.137242,-0.119285],[109.137426,-0.120843],[109.137242,-0.120935],[109.136967,-0.120751],[109.135318,-0.118553],[109.135227,-0.118278],[109.135227,-0.118003],[109.135593,-0.11782]]}},{"type":"Feature","properties":{"type":"depth_contour","name":"","objl":30},"geometry":{"type":"LineString","coordinates":[[109.187998,-0.111956],[109.184425,-0.103344],[109.182318,-0.094824],[109.179569,-0.083188],[109.178653,-0.075492],[109.177829,-0.074485],[109.176913,-0.073568],[109.175721,-0.073019],[109.174164,-0.072836],[109.172881,-0.073294],[109.171782,-0.074118],[109.169766,-0.076134],[109.16601,-0.082364],[109.16372,-0.08612],[109.156757,-0.097755],[109.156757,-0.099038],[109.156299,-0.101328],[109.155199,-0.103436],[109.153825,-0.10536],[109.151443,-0.107467],[109.148969,-0.109391],[109.147412,-0.11104],[109.146038,-0.112781],[109.14503,-0.114796],[109.14503,-0.114888],[109.146312,-0.125057],[109.149702,-0.134311]]}},{"type":"Feature","properties":{"type":"depth_contour","name":"","objl":30},"geometry":{"type":"LineString","coordinates":[[109.147503,-0.15465],[109.146587,-0.155291],[109.145946,-0.156207],[109.145488,-0.157215],[109.145396,-0.157948],[109.145488,-0.159047],[109.146038,-0.162254],[109.146954,-0.167384],[109.146954,-0.169308],[109.147045,-0.170591],[109.14732,-0.171324],[109.148236,-0.17279],[109.148969,-0.173523],[109.15016,-0.174072],[109.157032,-0.177187],[109.162162,-0.179478],[109.164361,-0.180211],[109.166377,-0.180669]]}},{"type":"Feature","properties":{"type":"depth_contour","name":"","objl":30},"geometry":{"type":"LineString","coordinates":[[109.130829,-0.204398],[109.12918,-0.204947],[109.127256,-0.205864],[109.123042,-0.208154],[109.118919,-0.211177],[109.115529,-0.214659],[109.113513,-0.217407],[109.109666,-0.213376],[109.107833,-0.211544],[109.106184,-0.21017],[109.104901,-0.209162],[109.103711,-0.208612],[109.102794,-0.208246],[109.10197,-0.208154],[109.100504,-0.208429],[109.09913,-0.20907],[109.097664,-0.210261],[109.096106,-0.21191],[109.091709,-0.217499],[109.084837,-0.227027],[109.08044,-0.233165],[109.079249,-0.235089],[109.078058,-0.237746],[109.074393,-0.246358],[109.073843,-0.249015],[109.073935,-0.249931],[109.074302,-0.250848],[109.07705,-0.256986],[109.081906,-0.266972],[109.084288,-0.272561],[109.086578,-0.276042],[109.087861,-0.277325],[109.089143,-0.278149],[109.090243,-0.278516],[109.091159,-0.278516],[109.091892,-0.278333],[109.092533,-0.277783],[109.093266,-0.277141],[109.093908,-0.27595],[109.094274,-0.274393],[109.094182,-0.272652],[109.092991,-0.268988],[109.091709,-0.26514],[109.090426,-0.260834],[109.089235,-0.255886],[109.08841,-0.251855],[109.088136,-0.248649],[109.088136,-0.246083],[109.088502,-0.244159],[109.088777,-0.243518],[109.089235,-0.243243],[109.089327,-0.243152],[109.089418,-0.243152],[109.08951,-0.243243],[109.089601,-0.243243],[109.089876,-0.243793],[109.090426,-0.245992],[109.090793,-0.24874],[109.091159,-0.251031],[109.091709,-0.252588],[109.09235,-0.253688],[109.092808,-0.254146],[109.093358,-0.25442],[109.094824,-0.254695],[109.095648,-0.254604],[109.096381,-0.254146],[109.097572,-0.252405]]}},{"type":"Feature","properties":{"type":"Superbuoy","name":"","objl":121},"geometry":{"type":"Polygon","coordinates":[[[103.674668,-4.989281],[103.674393,-4.990289],[103.674027,-4.991113],[103.673569,-4.992121],[103.672377,-4.994411],[103.671095,-4.996335],[103.669995,-4.99771],[103.668988,-4.998717],[103.66798,-4.99945],[103.666514,-4.999908],[103.65268,-4.999725],[103.651855,-4.999084],[103.651397,-4.998076],[103.651397,-4.996335],[103.651672,-4.99432],[103.657535,-4.984517],[103.658452,-4.985891],[103.659368,-4.98699],[103.660376,-4.987723],[103.661475,-4.988181],[103.662758,-4.988273],[103.664407,-4.987907],[103.666239,-4.987174],[103.668346,-4.985983],[103.670545,-4.984333],[103.672927,-4.982226],[103.675309,-4.979753],[103.675584,-4.983875],[103.674668,-4.989281]]]}},{"type":"Feature","properties":{"type":"Superbuoy","name":"","objl":121},"geometry":{"type":"Polygon","coordinates":[[[103.615575,-4.929272],[103.605039,-4.932295],[103.601649,-4.932936],[103.533852,-4.901695],[103.535685,-4.903985],[103.537059,-4.906001],[103.539075,-4.908566],[103.541457,-4.910857],[103.549702,-4.918003],[103.552176,-4.919927],[103.553184,-4.920385],[103.554558,-4.920751],[103.564086,-4.921484],[103.574347,-4.921851],[103.579661,-4.921667],[103.584333,-4.921301],[103.592213,-4.920843],[103.599359,-4.920751],[103.606871,-4.921026],[103.612368,-4.921484],[103.616766,-4.9224],[103.621438,-4.923775],[103.615575,-4.929272]]]}},{"type":"Feature","properties":{"type":"depth_contour","name":"","objl":30},"geometry":{"type":"LineString","coordinates":[[103.384608,-0.622813],[103.386349,-0.623821],[103.387449,-0.624737],[103.388456,-0.626202],[103.389922,-0.628768],[103.391113,-0.631516],[103.39148,-0.632707],[103.391571,-0.633715],[103.391388,-0.635639],[103.390838,-0.637471],[103.389831,-0.639487],[103.388181,-0.641869],[103.387082,-0.643152],[103.385983,-0.644159],[103.384883,-0.645076],[103.383601,-0.645717],[103.381219,-0.646725],[103.382593,-0.62208],[103.380669,-0.621713],[103.379111,-0.621713],[103.37792,-0.621896],[103.375172,-0.623912],[103.373065,-0.625744],[103.367109,-0.629043],[103.360421,-0.632891],[103.35923,-0.633532],[103.358772,-0.633349],[103.358223,-0.633349],[103.35694,-0.633715],[103.352542,-0.635181],[103.348236,-0.63683]]}},{"type":"Feature","properties":{"type":"depth_contour","name":"","objl":30},"geometry":{"type":"LineString","coordinates":[[103.643335,-0.027852],[103.64361,-0.029959],[103.64361,-0.034173],[103.643427,-0.036464],[103.642968,-0.038662],[103.642235,-0.040495],[103.641503,-0.041777],[103.641044,-0.042236],[103.640403,-0.042602],[103.638846,-0.04306],[103.636922,-0.043426],[103.634815,-0.043518],[103.632249,-0.043152],[103.6306,-0.042785],[103.628859,-0.042144],[103.625469,-0.04077],[103.624004,-0.040128],[103.622629,-0.039304],[103.619698,-0.03738],[103.616399,-0.034631],[103.612093,-0.030509],[103.610719,-0.028768],[103.609711,-0.027027],[103.609253,-0.026019],[103.608979,-0.02492],[103.608887,-0.02437],[103.60907,-0.023637],[103.609895,-0.022354],[103.610169,-0.021896],[103.611819,-0.020064],[103.613926,-0.018323],[103.615117,-0.017499],[103.616399,-0.016308],[103.619056,-0.013376],[103.620431,-0.012002],[103.621805,-0.011086],[103.623179,-0.010811],[103.624462,-0.010902],[103.626935,-0.012185],[103.629317,-0.014201],[103.632799,-0.017224],[103.634815,-0.018415],[103.636922,-0.019514],[103.638846,-0.020797],[103.640495,-0.022446],[103.641961,-0.02437]]}},{"type":"Feature","properties":{"type":"depth_contour","name":"","objl":30},"geometry":{"type":"LineString","coordinates":[[103.60852,-0.111864],[103.609986,-0.110582],[103.611544,-0.109207],[103.61301,-0.107925],[103.614659,-0.106825],[103.616399,-0.106093],[103.618415,-0.106001],[103.620797,-0.106551],[103.622721,-0.108017],[103.624187,-0.109574],[103.625103,-0.111406],[103.625469,-0.113514],[103.624279,-0.118186],[103.622721,-0.119835],[103.620889,-0.120843],[103.618873,-0.121393],[103.616674,-0.121759],[103.614475,-0.121942],[103.612368,-0.122217],[103.610261,-0.122767],[103.608429,-0.123683],[103.607146,-0.124874],[103.606047,-0.12634],[103.605131,-0.127897],[103.604123,-0.129363],[103.60284,-0.130554],[103.601191,-0.131379],[103.599084,-0.13147],[103.596885,-0.130646],[103.595236,-0.129547],[103.593953,-0.128264],[103.59322,-0.126615],[103.592762,-0.124782],[103.592671,-0.122767],[103.592945,-0.120568],[103.595327,-0.116628],[103.596977,-0.115621],[103.598901,-0.114888],[103.600916,-0.11443],[103.603023,-0.114063],[103.605039,-0.113605]]}},{"type":"Feature","properties":{"type":"depth_contour","name":"","objl":30},"geometry":{"type":"LineString","coordinates":[[103.552634,-0.200275],[103.553917,-0.198809],[103.554741,-0.197251],[103.555108,-0.195511],[103.554924,-0.194595],[103.554375,-0.193679],[103.553459,-0.192671],[103.552084,-0.191571],[103.548969,-0.189739],[103.546129,-0.188548],[103.537609,-0.186166],[103.531012,-0.184608],[103.530738,-0.184517],[103.524141,-0.184334],[103.518552,-0.184425],[103.513422,-0.18525],[103.509116,-0.186349],[103.506001,-0.187448],[103.502703,-0.188639],[103.500779,-0.188639],[103.499863,-0.188731],[103.49858,-0.189189],[103.49519,-0.191113],[103.491709,-0.19377],[103.490334,-0.194961],[103.489327,-0.196244],[103.487952,-0.198259],[103.487678,-0.198992],[103.487586,-0.199176],[103.487586,-0.19945],[103.487678,-0.199542],[103.487769,-0.199908],[103.488136,-0.200367],[103.488502,-0.200733],[103.489143,-0.201008],[103.489785,-0.201466],[103.490518,-0.201649],[103.49235,-0.201649],[103.495098,-0.200733],[103.499496,-0.198809],[103.503985,-0.196702],[103.507192,-0.195511],[103.511773,-0.194778],[103.512964,-0.194778],[103.514613,-0.195053],[103.518827,-0.195877],[103.52689,-0.198168],[103.535593,-0.201008],[103.540541,-0.202565],[103.544022,-0.203207],[103.546312,-0.203298],[103.547961,-0.203023],[103.551076,-0.201558]]}},{"type":"Feature","properties":{"type":"depth_contour","name":"","objl":30},"geometry":{"type":"LineString","coordinates":[[103.575996,-0.386899],[103.581402,-0.385158],[103.586349,-0.38415],[103.578378,-0.22338],[103.577096,-0.22831],[103.57618,-0.22831],[103.573981,-0.228218],[103.567293,-0.227119],[103.561979,-0.226386],[103.557398,-0.226111],[103.55016,-0.226294],[103.546496,-0.226844],[103.541731,-0.228218],[103.537151,-0.23005],[103.53541,-0.230966],[103.534036,-0.231883],[103.531104,-0.234448],[103.527439,-0.238479],[103.519469,-0.247274],[103.510215,-0.257077],[103.50481,-0.262941],[103.500596,-0.268804],[103.496473,-0.274576],[103.490609,-0.280165],[103.48557,-0.285021],[103.481814,-0.28896],[103.478882,-0.292442],[103.476317,-0.296106],[103.471919,-0.301787],[103.47027,-0.30426],[103.468896,-0.307375],[103.467888,-0.310307],[103.467613,-0.311773],[103.46743,-0.318553],[103.467064,-0.324049],[103.466606,-0.328447],[103.466514,-0.328997],[103.465598,-0.333394],[103.46459,-0.336693],[103.463307,-0.339441],[103.46175,-0.342006],[103.460101,-0.344388],[103.45836,-0.346221],[103.456803,-0.347962],[103.455703,-0.349794],[103.454695,-0.351809],[103.452771,-0.357673],[103.451397,-0.362345],[103.451031,-0.364636],[103.451764,-0.3683],[103.451855,-0.368667],[103.451947,-0.368942],[103.452313,-0.369492],[103.453321,-0.370683],[103.454695,-0.37169],[103.455062,-0.371965],[103.45552,-0.37224],[103.45607,-0.372423],[103.456528,-0.372607],[103.462391,-0.374897],[103.463765,-0.375263],[103.464315,-0.375263],[103.47027,-0.374439],[103.475218,-0.373706],[103.478333,-0.372973],[103.484013,-0.37169],[103.487861,-0.370774],[103.494182,-0.368392],[103.498855,-0.366651],[103.501145,-0.365552],[103.502336,-0.365094],[103.503527,-0.365002],[103.504535,-0.364911],[103.505451,-0.364178],[103.506459,-0.363262],[103.507925,-0.362345],[103.508658,-0.361979],[103.509299,-0.361429],[103.510215,-0.360238],[103.510673,-0.358772],[103.510948,-0.357123],[103.510399,-0.353275],[103.50994,-0.35126],[103.509757,-0.349336],[103.509757,-0.348511],[103.50994,-0.347778],[103.510582,-0.34677],[103.511956,-0.346312],[103.514155,-0.346312],[103.520568,-0.347045],[103.524141,-0.347229],[103.52579,-0.347045],[103.527348,-0.346587],[103.531012,-0.344938],[103.536051,-0.34164],[103.541365,-0.338158],[103.545763,-0.335685],[103.549061,-0.334127],[103.55126,-0.333303],[103.555474,-0.332845],[103.557948,-0.332936],[103.55978,-0.333486],[103.561063,-0.334311],[103.561887,-0.335318],[103.562162,-0.335776],[103.562254,-0.336326],[103.562071,-0.337242],[103.561063,-0.33825],[103.558956,-0.339258],[103.557581,-0.339899],[103.555932,-0.340357],[103.554192,-0.340907],[103.552267,-0.341274],[103.548969,-0.34219],[103.546954,-0.343106],[103.544847,-0.344572],[103.542556,-0.346496],[103.539808,-0.348878],[103.537242,-0.350618],[103.534219,-0.352542],[103.532203,-0.353367],[103.52973,-0.354008],[103.526615,-0.354283],[103.522584,-0.354008],[103.518919,-0.353825],[103.516995,-0.3541],[103.516445,-0.354375],[103.516262,-0.35465],[103.51617,-0.355016],[103.516354,-0.355474],[103.51782,-0.357948],[103.518827,-0.359505],[103.519835,-0.360696],[103.520934,-0.361887],[103.521851,-0.36317],[103.523683,-0.365644],[103.528813,-0.372698],[103.536876,-0.383417],[103.538617,-0.385799],[103.540449,-0.387723],[103.542098,-0.389464],[103.543747,-0.390747],[103.546679,-0.392304],[103.546954,-0.392487],[103.547229,-0.392579],[103.547595,-0.392671],[103.54787,-0.392671],[103.548969,-0.392762],[103.556665,-0.392029],[103.559414,-0.391846],[103.561704,-0.39148],[103.56372,-0.391205],[103.565277,-0.390747],[103.569217,-0.389556]]}},{"type":"Feature","properties":{"type":"depth_contour","name":"","objl":30},"geometry":{"type":"LineString","coordinates":[[105.814109,-4.158406],[105.813468,-4.159505],[105.813193,-4.16088],[105.813101,-4.161613],[105.812735,-4.162254],[105.812368,-4.163353],[105.812368,-4.163995],[105.812277,-4.165185],[105.812277,-4.165918],[105.812826,-4.167659],[105.813559,-4.168759],[105.814567,-4.169858],[105.816949,-4.172057],[105.819331,-4.173981],[105.820614,-4.175172],[105.82208,-4.176821],[105.825561,-4.181585],[105.827577,-4.1847],[105.83005,-4.188548],[105.826752,-4.234265],[105.826111,-4.241136],[105.826019,-4.247916],[105.826294,-4.257902],[105.826386,-4.26798],[105.826477,-4.279249],[105.826294,-4.290701],[105.826019,-4.302336],[105.825744,-4.31278],[105.825836,-4.317911],[105.826019,-4.320568],[105.826477,-4.323408],[105.828218,-4.334952],[105.829409,-4.342739]]}},{"type":"Feature","properties":{"type":"depth_contour","name":"","objl":30},"geometry":{"type":"LineString","coordinates":[[103.369217,-0.731745],[103.367934,-0.731562],[103.365735,-0.731745],[103.363536,-0.732203],[103.35923,-0.733578],[103.351351,-0.736051],[103.346496,-0.737609],[103.343381,-0.7388],[103.33825,-0.740907],[103.329455,-0.744205],[103.370957,-0.732295],[103.375813,-0.734127],[103.38186,-0.736876],[103.393495,-0.742006],[103.393678,-0.742006],[103.405314,-0.747045],[103.410169,-0.749061],[103.416674,-0.751718],[103.426569,-0.755108],[103.438113,-0.759047],[103.44361,-0.760788],[103.446358,-0.761704],[103.449198,-0.762437],[103.454879,-0.763445],[103.462666,-0.764453],[103.46514,-0.765002],[103.468346,-0.76601],[103.471828,-0.767568],[103.474943,-0.769583],[103.476317,-0.770774],[103.4776,-0.772332],[103.480073,-0.776271],[103.481081,-0.778653],[103.481814,-0.781035],[103.482364,-0.786074],[103.48218,-0.790838],[103.481722,-0.79432]]}},{"type":"Feature","properties":{"type":"depth_contour","name":"","objl":30},"geometry":{"type":"LineString","coordinates":[[103.494915,-0.80907],[103.506459,-0.808429],[103.510857,-0.808062],[103.519285,-0.80907],[103.52689,-0.811269],[103.534127,-0.815208],[103.544572,-0.82153],[103.55071,-0.826752],[103.553275,-0.83005],[103.555382,-0.864224],[103.555749,-0.864957],[103.555932,-0.865323],[103.556207,-0.865598],[103.55694,-0.865964],[103.561796,-0.867064],[103.564544,-0.868896],[103.56656,-0.873752],[103.569491,-0.876592],[103.571141,-0.877783],[103.572881,-0.880715],[103.57334,-0.885662],[103.572057,-0.891434],[103.572332,-0.894366],[103.574622,-0.895099],[103.575722,-0.895373],[103.578653,-0.891892],[103.581219,-0.890792],[103.587632,-0.889968],[103.588823,-0.890426],[103.590197,-0.891159],[103.598168,-0.894274],[103.607788,-0.902703],[103.615941,-0.909482],[103.622263,-0.916628],[103.62776,-0.925332],[103.631058,-0.926523],[103.634998,-0.924966],[103.637288,-0.924049],[103.640311,-0.924049],[103.646267,-0.92689],[103.648557,-0.928722],[103.657444,-0.935044],[103.661475,-0.939899],[103.664682,-0.946496],[103.669629,-0.95071],[103.671003,-0.952817],[103.670545,-0.956207],[103.668896,-0.958772],[103.665415,-0.961521],[103.661475,-0.964727],[103.660925,-0.967018],[103.666697,-0.968942],[103.678241,-0.963903],[103.680256,-0.962895],[103.686945,-0.961063],[103.694091,-0.958772],[103.69803,-0.958406],[103.704443,-0.959872],[103.714247,-0.963903],[103.72579,-0.968392],[103.730005,-0.970133],[103.7377,-0.976638],[103.740907,-0.979386],[103.751443,-0.986074],[103.755016,-0.990014],[103.755474,-0.993495],[103.754741,-0.997801],[103.753275,-1.002015],[103.746038,-1.012002],[103.746496,-1.014384],[103.748053,-1.016399],[103.755657,-1.018323],[103.756574,-1.01585],[103.757581,-1.013284],[103.765277,-1.003756],[103.767109,-1.002382],[103.770591,-1.001558],[103.776088,-1.001558],[103.78754,-1.005497],[103.788365,-1.005864],[103.798259,-1.004856],[103.804856,-1.007696],[103.809253,-1.010719],[103.812185,-1.014659]]}},{"type":"Feature","properties":{"type":"depth_contour","name":"","objl":30},"geometry":{"type":"LineString","coordinates":[[103.835275,-1.0325],[103.839856,-1.027278],[103.846086,-1.02288],[103.856255,-1.01665],[103.861386,-1.013993],[103.868074,-1.013352],[103.879984,-1.013626],[103.882183,-1.013443],[103.886031,-1.012252],[103.889604,-1.009596],[103.897391,-1.002174],[103.900506,-0.999976],[103.905912,-0.99741],[103.935779,-0.989989],[103.939993,-0.989531],[103.946315,-0.989715],[103.949888,-0.990631],[103.951171,-0.991547],[103.96418,-1.004648],[103.964822,-1.00474],[103.96757,-1.002633],[103.970227,-0.998785],[103.971784,-0.99567],[103.974075,-0.994753],[103.977465,-0.994937],[103.984428,-0.996586],[103.995696,-1.003274],[104.003484,-1.006755],[104.025197,-1.013993],[104.034267,-1.016558],[104.036191,-1.018482],[104.038024,-1.02288],[104.03839,-1.024895],[104.03784,-1.029018],[104.038024,-1.030026],[104.043796,-1.028652],[104.049567,-1.026636],[104.056164,-1.025812],[104.059279,-1.02627],[104.064593,-1.028377],[104.066791,-1.030576],[104.072013,-1.034515],[104.076228,-1.036806],[104.089879,-1.042028],[104.096109,-1.043311],[104.120846,-1.043494],[104.128358,-1.045051],[104.130282,-1.046517],[104.122128,-1.064657],[104.132572,-1.059618],[104.143017,-1.055313],[104.158317,-1.052839],[104.170135,-1.051831],[104.173067,-1.051831],[104.174899,-1.052197]]}},{"type":"Feature","properties":{"type":"Superbuoy","name":"","objl":121},"geometry":{"type":"Polygon","coordinates":[[[107.649748,-2.562254],[107.651397,-2.560605],[107.652405,-2.559689],[107.655886,-2.556665],[107.657627,-2.559047],[107.657994,-2.558772],[107.658452,-2.558681],[107.659276,-2.558864],[107.659826,-2.559505],[107.659918,-2.560513],[107.659734,-2.560879],[107.659368,-2.560971],[107.657994,-2.560238],[107.657444,-2.55978],[107.654054,-2.562895],[107.654421,-2.56262],[107.654879,-2.562529],[107.655612,-2.562712],[107.656161,-2.563353],[107.656253,-2.564361],[107.65607,-2.564727],[107.655703,-2.564819],[107.654421,-2.564086],[107.653871,-2.563628],[107.649748,-2.562254]]]}},{"type":"Feature","properties":{"type":"Superbuoy","name":"","objl":121},"geometry":{"type":"Polygon","coordinates":[[[106.54787,-2.48557],[106.547687,-2.483463],[106.548878,-2.481631],[106.553917,-2.480073],[106.557123,-2.481264],[106.558039,-2.482455],[106.557856,-2.48383],[106.553184,-2.48951],[106.550618,-2.490151],[106.55016,-2.489693],[106.54787,-2.48557]]]}},{"type":"Feature","properties":{"type":"Superbuoy","name":"","objl":121},"geometry":{"type":"Polygon","coordinates":[[[106.48667,-2.463307],[106.485845,-2.4623],[106.485387,-2.461292],[106.485112,-2.460467],[106.485112,-2.459643],[106.48557,-2.458543],[106.486486,-2.458085],[106.487036,-2.457902],[106.489143,-2.457902],[106.490884,-2.458268],[106.492808,-2.45891],[106.494549,-2.459917],[106.495282,-2.460467],[106.495831,-2.461109],[106.496198,-2.461658],[106.496381,-2.4623],[106.496473,-2.463399],[106.496106,-2.464315],[106.495923,-2.464682],[106.495557,-2.464956],[106.495007,-2.46514],[106.494182,-2.465048],[106.491251,-2.464682],[106.48667,-2.463307]]]}},{"type":"Feature","properties":{"type":"Superbuoy","name":"","objl":121},"geometry":{"type":"Polygon","coordinates":[[[106.35071,-2.202749],[106.346954,-2.207054],[106.345396,-2.207604],[106.343655,-2.205405],[106.343655,-2.202474],[106.345763,-2.195144],[106.346404,-2.193495],[106.347595,-2.192854],[106.349977,-2.199175],[106.349244,-2.199908],[106.349702,-2.20284],[106.35071,-2.202749]]]}},{"type":"Feature","properties":{"type":"Superbuoy","name":"","objl":121},"geometry":{"type":"Polygon","coordinates":[[[106.234265,-2.248465],[106.237196,-2.25268],[106.241502,-2.262666],[106.241869,-2.267064],[106.24251,-2.278699],[106.242694,-2.280898],[106.242419,-2.282639],[106.241686,-2.287311],[106.228951,-2.285937],[106.229501,-2.283188],[106.230234,-2.278607],[106.230234,-2.27366],[106.228951,-2.269079],[106.226661,-2.264682],[106.226111,-2.263674],[106.220339,-2.25213],[106.234265,-2.248465]]]}},{"type":"Feature","properties":{"type":"Superbuoy","name":"","objl":121},"geometry":{"type":"Polygon","coordinates":[[[106.215941,-2.032982],[106.213743,-2.032524],[106.211635,-2.031974],[106.209986,-2.031333],[106.208795,-2.0306],[106.207971,-2.029867],[106.207329,-2.029043],[106.206871,-2.028401],[106.206688,-2.02776],[106.206688,-2.026661],[106.20678,-2.026569],[106.207238,-2.025653],[106.207787,-2.025012],[106.20852,-2.024462],[106.215941,-2.032982]]]}},{"type":"Feature","properties":{"type":"Superbuoy","name":"","objl":121},"geometry":{"type":"Polygon","coordinates":[[[106.163353,-2.017774],[106.163811,-2.017499],[106.165277,-2.016766],[106.166835,-2.017041],[106.16885,-2.020522],[106.170866,-2.029043],[106.171874,-2.036738],[106.170499,-2.042235],[106.169858,-2.042785],[106.167751,-2.038571],[106.16601,-2.032066],[106.162895,-2.020522],[106.163353,-2.017774]]]}},{"type":"Feature","properties":{"type":"Superbuoy","name":"","objl":121},"geometry":{"type":"Polygon","coordinates":[[[108.014292,-2.592487],[108.014659,-2.592213],[108.014934,-2.591938],[108.0153,-2.591754],[108.015666,-2.591663],[108.015941,-2.591571],[108.016308,-2.59148],[108.017041,-2.59148],[108.018415,-2.591571],[108.019698,-2.592029],[108.02098,-2.592671],[108.021988,-2.593587],[108.013468,-2.593953],[108.014934,-2.595511],[108.014292,-2.592487]]]}},{"type":"Feature","properties":{"type":"Superbuoy","name":"","objl":121},"geometry":{"type":"Polygon","coordinates":[[[107.937242,-2.563628],[107.934311,-2.563262],[107.931928,-2.56317],[107.925424,-2.562803],[107.920843,-2.56262],[107.916445,-2.56317],[107.912323,-2.563628],[107.910215,-2.563353],[107.9082,-2.562895],[107.906551,-2.562162],[107.90536,-2.561429],[107.904901,-2.561063],[107.904718,-2.560605],[107.904627,-2.560238],[107.90481,-2.559689],[107.905726,-2.558589],[107.907375,-2.557398],[107.908475,-2.556757],[107.909666,-2.556299],[107.912048,-2.555474],[107.918003,-2.55465],[107.926798,-2.554558],[107.942098,-2.559414],[107.942648,-2.55978],[107.942831,-2.559963],[107.942831,-2.560238],[107.942739,-2.560605],[107.942373,-2.560971],[107.941457,-2.561154],[107.94054,-2.561063],[107.940266,-2.560879],[107.940174,-2.560605],[107.940082,-2.560055],[107.940357,-2.559505],[107.940724,-2.559322],[107.929455,-2.557306],[107.929363,-2.557948],[107.929272,-2.558131],[107.929088,-2.558131],[107.91333,-2.55978],[107.913239,-2.560421],[107.913147,-2.560605],[107.912964,-2.560605],[107.912506,-2.560238],[107.912231,-2.559505],[107.912048,-2.558956],[107.912048,-2.558681],[107.912323,-2.558498],[107.912506,-2.558589],[107.912689,-2.558772],[107.913055,-2.559047],[107.937242,-2.563628]]]}},{"type":"Feature","properties":{"type":"Superbuoy","name":"","objl":121},"geometry":{"type":"Polygon","coordinates":[[[107.631608,-2.59038],[107.633349,-2.591205],[107.634998,-2.592213],[107.636372,-2.593312],[107.63738,-2.594136],[107.638113,-2.594961],[107.638571,-2.595602],[107.638754,-2.596244],[107.638937,-2.597435],[107.638754,-2.598259],[107.638021,-2.598992],[107.636738,-2.599542],[107.634814,-2.599908],[107.632341,-2.6],[107.629776,-2.599817],[107.628585,-2.599542],[107.627577,-2.599084],[107.626019,-2.598076],[107.625195,-2.59661],[107.625011,-2.595877],[107.625103,-2.595144],[107.625378,-2.594228],[107.625928,-2.593312],[107.631608,-2.59038]]]}},{"type":"Feature","properties":{"type":"Superbuoy","name":"","objl":121},"geometry":{"type":"Polygon","coordinates":[[[107.793495,-2.555841],[107.786349,-2.556207],[107.784517,-2.555474],[107.783875,-2.553642],[107.784517,-2.552268],[107.789189,-2.550985],[107.800733,-2.550069],[107.801099,-2.549977],[107.802474,-2.550618],[107.802657,-2.551351],[107.802565,-2.551993],[107.802199,-2.552542],[107.793495,-2.555841]]]}},{"type":"Feature","properties":{"type":"Superbuoy","name":"","objl":121},"geometry":{"type":"Polygon","coordinates":[[[106.353825,-2.267888],[106.353092,-2.265231],[106.352909,-2.260651],[106.35355,-2.258635],[106.355841,-2.255154],[106.361521,-2.250847],[106.36262,-2.250298],[106.365552,-2.249198],[106.368942,-2.248007],[106.374714,-2.245717],[106.380577,-2.243426],[106.38415,-2.242419],[106.387357,-2.241961],[106.390289,-2.242144],[106.39322,-2.242877],[106.39606,-2.244159],[106.398168,-2.24535],[106.399634,-2.246358],[106.401008,-2.247366],[106.40229,-2.248465],[106.403848,-2.250206],[106.405589,-2.252405],[106.40678,-2.254329],[106.407421,-2.25607],[106.407604,-2.257994],[106.407329,-2.260009],[106.40678,-2.261658],[106.405314,-2.263399],[106.403573,-2.264865],[106.402199,-2.265323],[106.400824,-2.265506],[106.398534,-2.265506],[106.392213,-2.265598],[106.386715,-2.265781],[106.382684,-2.266514],[106.379478,-2.267522],[106.377645,-2.268621],[106.37618,-2.269812],[106.375447,-2.270637],[106.375172,-2.271095],[106.374805,-2.271553],[106.373706,-2.272469],[106.372973,-2.27311],[106.370225,-2.274576],[106.368484,-2.275126],[106.366926,-2.275309],[106.365369,-2.275126],[106.363811,-2.274668],[106.361613,-2.27366],[106.359047,-2.272378],[106.356848,-2.271095],[106.355474,-2.269995],[106.353825,-2.267888]]]}},{"type":"Feature","properties":{"type":"Superbuoy","name":"","objl":121},"geometry":{"type":"Polygon","coordinates":[[[106.270637,-2.175172],[106.268255,-2.175813],[106.265323,-2.175905],[106.263766,-2.175813],[106.2623,-2.175538],[106.25946,-2.174714],[106.257077,-2.173614],[106.25607,-2.172881],[106.255245,-2.172057],[106.253871,-2.170041],[106.25323,-2.16885],[106.252771,-2.167384],[106.251947,-2.164086],[106.251214,-2.156665],[106.251489,-2.151534],[106.251947,-2.15016],[106.252497,-2.149244],[106.253046,-2.148603],[106.253596,-2.148236],[106.254146,-2.148145],[106.254787,-2.148236],[106.255337,-2.148511],[106.255612,-2.148878],[106.255703,-2.149336],[106.255886,-2.149885],[106.255886,-2.152726],[106.25607,-2.157856],[106.256161,-2.15923],[106.256436,-2.160513],[106.256986,-2.162895],[106.257719,-2.164819],[106.257994,-2.165552],[106.258452,-2.166193],[106.259185,-2.166926],[106.260192,-2.167201],[106.261292,-2.167201],[106.262391,-2.166926],[106.264407,-2.166102],[106.265689,-2.164819],[106.266422,-2.163078],[106.26688,-2.161429],[106.267064,-2.160513],[106.267522,-2.159597],[106.268346,-2.158681],[106.269721,-2.157765],[106.274576,-2.154741],[106.279249,-2.151168],[106.270637,-2.175172]]]}},{"type":"Feature","properties":{"type":"Superbuoy","name":"","objl":121},"geometry":{"type":"Polygon","coordinates":[[[105.789464,-2.411635],[105.788914,-2.411452],[105.788456,-2.410994],[105.788456,-2.408429],[105.789464,-2.406322],[105.79148,-2.404947],[105.795786,-2.403665],[105.800183,-2.404123],[105.806596,-2.40678],[105.789464,-2.411635]]]}},{"type":"Feature","properties":{"type":"pipeline","name":"}\u00002","objl":86},"geometry":{"type":"Polygon","coordinates":[[[106.492167,-2.299771],[106.496381,-2.307375],[106.50371,-2.312506],[106.516995,-2.312781],[106.529363,-2.305726],[106.534494,-2.297755],[106.538433,-2.287586],[106.538708,-2.277325],[106.531379,-2.264865],[106.521759,-2.260284],[106.510765,-2.262849],[106.502611,-2.275034],[106.495282,-2.286945],[106.492167,-2.299771]]]}},{"type":"Feature","properties":{"type":"Superbuoy","name":"","objl":121},"geometry":{"type":"Polygon","coordinates":[[[106.897939,-3.025195],[106.897114,-3.025744],[106.896839,-3.025928],[106.894091,-3.027485],[106.8929,-3.028035],[106.891342,-3.028126],[106.889876,-3.027668],[106.888319,-3.027577],[106.88667,-3.028126],[106.885204,-3.029043],[106.883646,-3.029867],[106.881906,-3.030692],[106.880165,-3.031608],[106.878333,-3.032158],[106.876317,-3.032158],[106.874759,-3.031516],[106.873385,-3.030508],[106.872194,-3.029317],[106.870912,-3.02831],[106.868804,-3.027119],[106.847458,-3.023729],[106.848649,-3.023546],[106.849656,-3.023087],[106.897939,-3.025195]]]}},{"type":"Feature","properties":{"type":"Superbuoy","name":"","objl":121},"geometry":{"type":"Polygon","coordinates":[[[106.744297,-2.89574],[106.743197,-2.896106],[106.74219,-2.896198],[106.741365,-2.896198],[106.740632,-2.896106],[106.740082,-2.89574],[106.739533,-2.895465],[106.738433,-2.894366],[106.737975,-2.893449],[106.737792,-2.892991],[106.737242,-2.891251],[106.736418,-2.887952],[106.735777,-2.884837],[106.73541,-2.882089],[106.735318,-2.880898],[106.735502,-2.879799],[106.735777,-2.878699],[106.736234,-2.877783],[106.737059,-2.876867],[106.737975,-2.875951],[106.740174,-2.874576],[106.741365,-2.874118],[106.742556,-2.873752],[106.74393,-2.87366],[106.74558,-2.873843],[106.746587,-2.87421],[106.747137,-2.874485],[106.747687,-2.874943],[106.748328,-2.875492],[106.748969,-2.876317],[106.749519,-2.877142],[106.74448,-2.895007],[106.743656,-2.893266],[106.742739,-2.891159],[106.742098,-2.88951],[106.741732,-2.888227],[106.741548,-2.887311],[106.741457,-2.886487],[106.741548,-2.885662],[106.741732,-2.884654],[106.742281,-2.883646],[106.743197,-2.882455],[106.744755,-2.881356],[106.746496,-2.880257],[106.748328,-2.879249],[106.744297,-2.89574]]]}},{"type":"Feature","properties":{"type":"Superbuoy","name":"","objl":121},"geometry":{"type":"Polygon","coordinates":[[[106.859093,-2.845625],[106.859001,-2.845992],[106.858727,-2.846541],[106.858177,-2.847091],[106.857719,-2.847366],[106.859093,-2.844618],[106.856253,-2.842785],[106.855337,-2.842144],[106.859093,-2.845625]]]}},{"type":"Feature","properties":{"type":"Superbuoy","name":"","objl":121},"geometry":{"type":"Polygon","coordinates":[[[106.876867,-2.839487],[106.877141,-2.839579],[106.877875,-2.839853],[106.878699,-2.840128],[106.879157,-2.840678],[106.879524,-2.841411],[106.879707,-2.842144],[106.879982,-2.844343],[106.879982,-2.845808],[106.87989,-2.847824],[106.879982,-2.848649],[106.879982,-2.850481],[106.879615,-2.851397],[106.879065,-2.851947],[106.878424,-2.852405],[106.877691,-2.852863],[106.876775,-2.853046],[106.875951,-2.853046],[106.875034,-2.852955],[106.874301,-2.852588],[106.87366,-2.85213],[106.873477,-2.852038],[106.873752,-2.85158],[106.874485,-2.851397],[106.875034,-2.851306],[106.875584,-2.850847],[106.876134,-2.849748],[106.8765,-2.847458],[106.876683,-2.846083],[106.876867,-2.844984],[106.877233,-2.842968],[106.877325,-2.841961],[106.877141,-2.840861],[106.876683,-2.839762],[106.876867,-2.839487]]]}},{"type":"Feature","properties":{"type":"depth_contour","name":"","objl":30},"geometry":{"type":"LineString","coordinates":[[106.859093,-2.844618],[106.856253,-2.842785],[106.855337,-2.842144],[106.86514,-2.836555],[106.867155,-2.836647],[106.86743,-2.836647],[106.871095,-2.837013],[106.872927,-2.837471],[106.873935,-2.837838],[106.875034,-2.838296],[106.875859,-2.838937],[106.873752,-2.85158],[106.874485,-2.851397],[106.875034,-2.851306],[106.875584,-2.850847],[106.876134,-2.849748],[106.8765,-2.847458],[106.876683,-2.846083],[106.876867,-2.844984],[106.877233,-2.842968],[106.877325,-2.841961],[106.877141,-2.840861],[106.876683,-2.839762]]}},{"type":"Feature","properties":{"type":"depth_contour","name":"","objl":30},"geometry":{"type":"LineString","coordinates":[[106.808887,-2.832799],[106.80852,-2.831974],[106.808245,-2.83115],[106.808245,-2.829501],[106.80852,-2.828584],[106.808978,-2.827851],[106.819148,-2.833807],[106.817407,-2.834356],[106.815667,-2.834631],[106.814292,-2.834906],[106.812918,-2.834906],[106.811452,-2.83454],[106.811269,-2.834448],[106.810994,-2.834448],[106.810628,-2.834265],[106.809986,-2.833898],[106.822171,-2.83115],[106.821988,-2.831608],[106.821713,-2.832158],[106.820705,-2.832982],[106.822355,-2.8306],[106.822355,-2.829684],[106.822171,-2.829409],[106.821988,-2.829043],[106.821805,-2.828859],[106.821347,-2.828584],[106.820614,-2.828401],[106.819514,-2.82831],[106.817682,-2.82831],[106.815575,-2.82776],[106.813651,-2.82721],[106.812643,-2.826844],[106.811727,-2.826752],[106.810536,-2.826752],[106.809711,-2.82721]]}},{"type":"Feature","properties":{"type":"depth_contour","name":"","objl":30},"geometry":{"type":"Point","coordinates":[107.252038,-2.956207]}},{"type":"Feature","properties":{"type":"depth_contour","name":"","objl":30},"geometry":{"type":"LineString","coordinates":[[107.257444,-2.991021],[107.256344,-2.992029],[107.255337,-2.992762],[107.254879,-2.993037],[107.254604,-2.993129],[107.25442,-2.99322],[107.253596,-2.993312],[107.252863,-2.993404],[107.252222,-2.993312],[107.251672,-2.99322],[107.251122,-2.992945]]}},{"type":"Feature","properties":{"type":"Superbuoy","name":"","objl":121},"geometry":{"type":"Polygon","coordinates":[[[107.259185,-2.955382],[107.259093,-2.956207],[107.258635,-2.957215],[107.258085,-2.958223],[107.257444,-2.959047],[107.256711,-2.959872],[107.255978,-2.960513],[107.255245,-2.961063],[107.253688,-2.961979],[107.252313,-2.962529],[107.251489,-2.962712],[107.249931,-2.962712],[107.248465,-2.962529],[107.247549,-2.962254],[107.252038,-2.956207],[107.259185,-2.955382]]]}},{"type":"Feature","properties":{"type":"Superbuoy","name":"","objl":121},"geometry":{"type":"Polygon","coordinates":[[[107.249015,-2.993678],[107.248099,-2.992579],[107.247366,-2.991571],[107.246816,-2.99038],[107.24645,-2.989189],[107.246358,-2.987907],[107.246908,-2.985524],[107.247458,-2.984333],[107.248282,-2.983326],[107.249198,-2.982318],[107.250206,-2.981585],[107.251306,-2.980852],[107.252863,-2.979753],[107.254695,-2.97902],[107.256711,-2.97847],[107.25946,-2.977645],[107.260467,-2.977645],[107.261383,-2.977829],[107.2623,-2.978378],[107.263032,-2.979111],[107.263491,-2.980119],[107.263674,-2.981035],[107.263674,-2.982043],[107.263765,-2.983051],[107.263949,-2.984517],[107.263765,-2.986074],[107.257444,-2.991021],[107.256344,-2.992029],[107.255337,-2.992762],[107.254879,-2.993037],[107.254604,-2.993129],[107.25442,-2.99322],[107.253596,-2.993312],[107.252863,-2.993404],[107.252222,-2.993312],[107.251672,-2.99322],[107.251122,-2.992945],[107.249015,-2.993678]]]}},{"type":"Feature","properties":{"type":"depth_contour","name":"","objl":30},"geometry":{"type":"LineString","coordinates":[[108.234265,-3.036097],[108.235181,-3.036922],[108.236006,-3.037746],[108.236738,-3.038662],[108.237288,-3.039762],[108.237838,-3.040953],[108.238296,-3.042235],[108.238662,-3.044068],[108.23912,-3.046725],[108.239487,-3.04984],[108.239762,-3.051947],[108.239945,-3.052863],[108.239945,-3.053413],[108.239853,-3.053871],[108.239762,-3.054604]]}},{"type":"Feature","properties":{"type":"Superbuoy","name":"","objl":121},"geometry":{"type":"Polygon","coordinates":[[[107.624462,-2.757765],[107.62666,-2.755657],[107.628218,-2.7541],[107.628859,-2.753184],[107.629317,-2.752451],[107.629592,-2.751626],[107.629776,-2.750893],[107.629684,-2.749977],[107.629409,-2.749336],[107.628951,-2.748694],[107.628585,-2.748145],[107.627485,-2.746129],[107.626752,-2.744205],[107.626203,-2.742098],[107.625836,-2.740083],[107.625836,-2.738342],[107.626019,-2.737426],[107.626477,-2.736509],[107.627119,-2.735685],[107.627943,-2.735135],[107.628859,-2.734677],[107.630142,-2.734769],[107.631333,-2.734952],[107.632891,-2.735318],[107.634356,-2.73596],[107.635914,-2.736509],[107.641045,-2.738158],[107.643335,-2.738891],[107.645717,-2.739624],[107.648374,-2.740174],[107.650939,-2.740724],[107.653321,-2.741457],[107.655612,-2.742373],[107.59377,-2.878424],[107.598443,-2.875859],[107.601832,-2.873935],[107.603939,-2.872652],[107.605772,-2.871553],[107.607604,-2.869995],[107.609253,-2.868713],[107.609986,-2.86798],[107.610536,-2.867338],[107.611727,-2.865506],[107.614017,-2.861933],[107.616308,-2.858268],[107.617865,-2.855612],[107.618873,-2.853779],[107.620247,-2.851031],[107.620705,-2.849931],[107.621163,-2.848649],[107.62153,-2.847091],[107.622263,-2.844251],[107.622904,-2.840861],[107.623179,-2.83967],[107.623271,-2.838571],[107.623362,-2.836647],[107.623271,-2.835639],[107.623087,-2.83454],[107.622629,-2.832432],[107.62208,-2.8306],[107.621805,-2.829226],[107.621622,-2.827851],[107.621622,-2.826569],[107.621713,-2.825286],[107.621805,-2.824645],[107.592396,-2.878241],[107.607971,-2.773981],[107.60962,-2.77279],[107.611452,-2.771324],[107.612185,-2.770591],[107.613376,-2.769491],[107.6153,-2.767201],[107.618598,-2.763262],[107.610353,-2.779569],[107.610353,-2.779753],[107.610078,-2.780028],[107.609528,-2.780211],[107.609345,-2.780119],[107.609253,-2.779936],[107.60907,-2.779753],[107.60907,-2.779295],[107.609253,-2.77902],[107.609253,-2.778836],[107.60962,-2.77847],[107.609986,-2.778378],[107.610353,-2.778562],[107.610536,-2.778836],[107.610536,-2.779203],[107.612551,-2.821163],[107.612551,-2.820797],[107.61246,-2.820614],[107.612551,-2.820247],[107.612643,-2.820064],[107.612826,-2.819881],[107.613284,-2.819789],[107.613559,-2.819973],[107.613743,-2.820339],[107.613651,-2.820797],[107.613559,-2.82098],[107.613284,-2.821255],[107.613284,-2.825103],[107.613193,-2.824737],[107.613193,-2.824553],[107.613284,-2.824187],[107.613376,-2.824095],[107.613651,-2.823912],[107.613926,-2.824004],[107.614109,-2.824187],[107.614201,-2.824553],[107.614201,-2.824828],[107.613926,-2.825103],[107.624462,-2.757765]]]}},{"type":"Feature","properties":{"type":"Superbuoy","name":"","objl":121},"geometry":{"type":"Polygon","coordinates":[[[107.946129,-3.172973],[107.946312,-3.174256],[107.946496,-3.17508],[107.947412,-3.176729],[107.94787,-3.17792],[107.946129,-3.172973]]]}},{"type":"Feature","properties":{"type":"Superbuoy","name":"","objl":121},"geometry":{"type":"Polygon","coordinates":[[[108.433807,-2.71333],[108.435181,-2.713697],[108.436372,-2.714246],[108.433807,-2.71333]]]}},{"type":"Feature","properties":{"type":"Superbuoy","name":"","objl":121},"geometry":{"type":"Polygon","coordinates":[[[108.454695,-2.693083],[108.455062,-2.693724],[108.45497,-2.694091],[108.454695,-2.694457],[108.453321,-2.694915],[108.451489,-2.695282],[108.449382,-2.695465],[108.445625,-2.695557],[108.443885,-2.695373],[108.442327,-2.695007],[108.440586,-2.694274],[108.439762,-2.693633],[108.439487,-2.693083],[108.439304,-2.692808],[108.439212,-2.692533],[108.445717,-2.689052],[108.445717,-2.690334],[108.445534,-2.690884],[108.445259,-2.691067],[108.444068,-2.691709],[108.44251,-2.691984],[108.440861,-2.692167],[108.44022,-2.692167],[108.439579,-2.691984],[108.439121,-2.691709],[108.447916,-2.689418],[108.449382,-2.69006],[108.450573,-2.690609],[108.452222,-2.691434],[108.452863,-2.691709],[108.453321,-2.692075],[108.453688,-2.692258],[108.454695,-2.693083]]]}},{"type":"Feature","properties":{"type":"Superbuoy","name":"","objl":121},"geometry":{"type":"Polygon","coordinates":[[[108.451489,-2.674118],[108.45213,-2.675309],[108.452313,-2.676317],[108.45213,-2.676867],[108.451947,-2.67705],[108.451397,-2.677142],[108.450939,-2.676958],[108.450573,-2.676684],[108.450114,-2.676409],[108.449198,-2.675767],[108.448191,-2.675126],[108.447091,-2.674668],[108.446083,-2.674301],[108.444892,-2.673935],[108.443701,-2.673752],[108.44361,-2.673752],[108.443426,-2.673568],[108.442968,-2.673294],[108.442785,-2.672652],[108.442968,-2.672103],[108.443426,-2.671645],[108.444068,-2.671461],[108.44535,-2.671187],[108.446541,-2.671278],[108.447824,-2.671553],[108.448924,-2.671736],[108.449931,-2.672103],[108.450664,-2.672744],[108.451489,-2.674118]]]}},{"type":"Feature","properties":{"type":"Superbuoy","name":"","objl":121},"geometry":{"type":"Polygon","coordinates":[[[107.56191,-2.757364],[107.562346,-2.759233],[107.563037,-2.761509],[107.56351,-2.763662],[107.564346,-2.765979],[107.565094,-2.767568],[107.565552,-2.768209],[107.566651,-2.770041],[107.567201,-2.771324],[107.567476,-2.772607],[107.567659,-2.773431],[107.567659,-2.773889],[107.567568,-2.77508],[107.567201,-2.775996],[107.56656,-2.776912],[107.565827,-2.777554],[107.565002,-2.778195],[107.56372,-2.778836],[107.562437,-2.779295],[107.561063,-2.779478],[107.559322,-2.779569],[107.55749,-2.779386],[107.555749,-2.779111],[107.554466,-2.778836],[107.553367,-2.778745],[107.552084,-2.778287],[107.551076,-2.777737],[107.55071,-2.777462],[107.55016,-2.777004],[107.549336,-2.775996],[107.548878,-2.774989],[107.548786,-2.773798],[107.548878,-2.772607],[107.548999,-2.77057],[107.548999,-2.76862],[107.548853,-2.76606],[107.548744,-2.76354],[107.548511,-2.760513],[107.548511,-2.758589],[107.548786,-2.758131],[107.549061,-2.75749],[107.549427,-2.756757],[107.55016,-2.755932],[107.551076,-2.755474],[107.552084,-2.755199],[107.552909,-2.754924],[107.554283,-2.75465],[107.555657,-2.754466],[107.557123,-2.754466],[107.558955,-2.75465],[107.559047,-2.75465],[107.559872,-2.754833],[107.560696,-2.755383],[107.561154,-2.756024],[107.555382,-2.774805],[107.554741,-2.77508],[107.554375,-2.775172],[107.554008,-2.775355],[107.553642,-2.775263],[107.553184,-2.774989],[107.552909,-2.774714],[107.552909,-2.773798],[107.553092,-2.773339],[107.553459,-2.77279],[107.553825,-2.772332],[107.554466,-2.771965],[107.555199,-2.77169],[107.556848,-2.771141],[107.557123,-2.771141],[107.55923,-2.770499],[107.56033,-2.770133],[107.561521,-2.770041],[107.562254,-2.770041],[107.562895,-2.770133],[107.563536,-2.770499],[107.563903,-2.771141],[107.563995,-2.771141],[107.564178,-2.77169],[107.564269,-2.77224],[107.564269,-2.773248],[107.563995,-2.773706],[107.56372,-2.774072],[107.563262,-2.774347],[107.562804,-2.774439],[107.562071,-2.774439],[107.561429,-2.774347],[107.560238,-2.773981],[107.559322,-2.773889],[107.558772,-2.773889],[107.558131,-2.774072],[107.556299,-2.774439],[107.56191,-2.757364]]]}},{"type":"Feature","properties":{"type":"Superbuoy","name":"","objl":121},"geometry":{"type":"Point","coordinates":[107.570774,-2.83344]}},{"type":"Feature","properties":{"type":"Superbuoy","name":"","objl":121},"geometry":{"type":"Polygon","coordinates":[[[107.394778,-2.899038],[107.394045,-2.899771],[107.39322,-2.900321],[107.392213,-2.900687],[107.391021,-2.900962],[107.389922,-2.900779],[107.388731,-2.900504],[107.387632,-2.900046],[107.386166,-2.899496],[107.384792,-2.898672],[107.383601,-2.897664],[107.381585,-2.895099],[107.380944,-2.894091],[107.379844,-2.892075],[107.378378,-2.889418],[107.377371,-2.887586],[107.376638,-2.886578],[107.375813,-2.885754],[107.375538,-2.885295],[107.375172,-2.885112],[107.374714,-2.884746],[107.374256,-2.884562],[107.37334,-2.884104],[107.371965,-2.883371],[107.370866,-2.882822],[107.370225,-2.882455],[107.369858,-2.881997],[107.369308,-2.881448],[107.369033,-2.880898],[107.368759,-2.88044],[107.368575,-2.87989],[107.368484,-2.879249],[107.368209,-2.877416],[107.367659,-2.875859],[107.366835,-2.874485],[107.366102,-2.87311],[107.36546,-2.871003],[107.36601,-2.869904],[107.366926,-2.869171],[107.368026,-2.868713],[107.3694,-2.868255],[107.372423,-2.867613],[107.375263,-2.867155],[107.380394,-2.866147],[107.384792,-2.865598],[107.386257,-2.865598],[107.38699,-2.865781],[107.387723,-2.866056],[107.388365,-2.866422],[107.389006,-2.86688],[107.390472,-2.868071],[107.392671,-2.869995],[107.393312,-2.870453],[107.394045,-2.870453],[107.394595,-2.87027],[107.394869,-2.869904],[107.395144,-2.869354],[107.395327,-2.868621],[107.395236,-2.867797],[107.395144,-2.866606],[107.393678,-2.863307],[107.392945,-2.861567],[107.392487,-2.860376],[107.392579,-2.859459],[107.393037,-2.85836],[107.394045,-2.856986],[107.394686,-2.856345],[107.394869,-2.856253],[107.394961,-2.856253],[107.395786,-2.855612],[107.396244,-2.85497],[107.396518,-2.854237],[107.39661,-2.853504],[107.396427,-2.852771],[107.395969,-2.851855],[107.395144,-2.851397],[107.394595,-2.851214],[107.393953,-2.851031],[107.39322,-2.851031],[107.392396,-2.851214],[107.39093,-2.851397],[107.389556,-2.85158],[107.389006,-2.851672],[107.40678,-2.825011],[107.40623,-2.823271],[107.405863,-2.822813],[107.405405,-2.822446],[107.404856,-2.82208],[107.404306,-2.821896],[107.401374,-2.821438],[107.400092,-2.821347],[107.399175,-2.82098],[107.398443,-2.820797],[107.397984,-2.820431],[107.39771,-2.820156],[107.396702,-2.81814],[107.396427,-2.817224],[107.396061,-2.816216],[107.395969,-2.815758],[107.395694,-2.814842],[107.395419,-2.814017],[107.395419,-2.813101],[107.395694,-2.812094],[107.396244,-2.811269],[107.397343,-2.798443],[107.397435,-2.798809],[107.39716,-2.799359],[107.39661,-2.799725],[107.396518,-2.799725],[107.396427,-2.799908],[107.396152,-2.800092],[107.395786,-2.800275],[107.395419,-2.80055],[107.395144,-2.800733],[107.394869,-2.800825],[107.394503,-2.801008],[107.394045,-2.801099],[107.397984,-2.797343],[107.398717,-2.797343],[107.398992,-2.797526],[107.399359,-2.797801],[107.399633,-2.798076],[107.400092,-2.798992],[107.40055,-2.800183],[107.400916,-2.801649],[107.40195,-2.801824],[107.403096,-2.801653],[107.404051,-2.801183],[107.405351,-2.800329],[107.406413,-2.799359],[107.40678,-2.798992],[107.407238,-2.798809],[107.408429,-2.798168],[107.408979,-2.798351],[107.40962,-2.798992],[107.410078,-2.799176],[107.410628,-2.799359],[107.421622,-2.801557],[107.423271,-2.801924],[107.426019,-2.803115],[107.445717,-2.785799],[107.449473,-2.783234],[107.44984,-2.783051],[107.449748,-2.78186],[107.451397,-2.780394],[107.452222,-2.780394],[107.454054,-2.781402],[107.454879,-2.782226],[107.45552,-2.783326],[107.455886,-2.784608],[107.456253,-2.785799],[107.456803,-2.787815],[107.457077,-2.78983],[107.456986,-2.792029],[107.457008,-2.794538],[107.457385,-2.796645],[107.457994,-2.797893],[107.461842,-2.796885],[107.464407,-2.796427],[107.466972,-2.796152],[107.469171,-2.796244],[107.469995,-2.796335],[107.470637,-2.796702],[107.471186,-2.797068],[107.471553,-2.797709],[107.471828,-2.798443],[107.472011,-2.799359],[107.472194,-2.801191],[107.472854,-2.80165],[107.473658,-2.802076],[107.474668,-2.802474],[107.474943,-2.802748],[107.475676,-2.802932],[107.476683,-2.803023],[107.477691,-2.802932],[107.478424,-2.802748],[107.478882,-2.802565],[107.479432,-2.802474],[107.479798,-2.802382],[107.480256,-2.802474],[107.481081,-2.802657],[107.481448,-2.802748],[107.481722,-2.803023],[107.481814,-2.803298],[107.481814,-2.803665],[107.389098,-2.891525],[107.386441,-2.888685],[107.386166,-2.888319],[107.385983,-2.887861],[107.385799,-2.886487],[107.385616,-2.88557],[107.385158,-2.884562],[107.384517,-2.883463],[107.384425,-2.883371],[107.383234,-2.882089],[107.381677,-2.880898],[107.379753,-2.87989],[107.377554,-2.879065],[107.375172,-2.878058],[107.372881,-2.877142],[107.371049,-2.876317],[107.370225,-2.875859],[107.369766,-2.875584],[107.369033,-2.874943],[107.368759,-2.874668],[107.368575,-2.874393],[107.368484,-2.873843],[107.368392,-2.87366],[107.368484,-2.873569],[107.368575,-2.873294],[107.368942,-2.87311],[107.369583,-2.872927],[107.372423,-2.872561],[107.377187,-2.872194],[107.381219,-2.871736],[107.382868,-2.871645],[107.384975,-2.871645],[107.386166,-2.871828],[107.387357,-2.872103],[107.389739,-2.872835],[107.391846,-2.873843],[107.39377,-2.874851],[107.395144,-2.875584],[107.396427,-2.876042],[107.396977,-2.876134],[107.398076,-2.875951],[107.398626,-2.875676],[107.40055,-2.874576],[107.400916,-2.874301],[107.401741,-2.873202],[107.402107,-2.872286],[107.506092,-2.82776],[107.505085,-2.826202],[107.504443,-2.824828],[107.503894,-2.823362],[107.503619,-2.821896],[107.503527,-2.820614],[107.503527,-2.818965],[107.50371,-2.818415],[107.503985,-2.817407],[107.504169,-2.816949],[107.504535,-2.816399],[107.50536,-2.815483],[107.506001,-2.815117],[107.506734,-2.81475],[107.507742,-2.814475],[107.508658,-2.814201],[107.509757,-2.814109],[107.510948,-2.814017],[107.513239,-2.813926],[107.515621,-2.814201],[107.518003,-2.81475],[107.52295,-2.815758],[107.524691,-2.816033],[107.525332,-2.816308],[107.395877,-2.812643],[107.395877,-2.812368],[107.396061,-2.812094],[107.396335,-2.81191],[107.396885,-2.81191],[107.397068,-2.812002],[107.397343,-2.812094],[107.397435,-2.812185],[107.39771,-2.812643],[107.397801,-2.813101],[107.39771,-2.813743],[107.397343,-2.814201],[107.396793,-2.814384],[107.395969,-2.814109],[107.394778,-2.899038]]]}},{"type":"Feature","properties":{"type":"Superbuoy","name":"","objl":121},"geometry":{"type":"Polygon","coordinates":[[[107.477966,-2.908108],[107.476958,-2.909207],[107.475767,-2.910307],[107.474027,-2.911315],[107.472286,-2.912048],[107.472011,-2.912048],[107.470087,-2.912781],[107.467522,-2.91333],[107.466148,-2.913697],[107.464682,-2.914246],[107.463674,-2.914705],[107.462666,-2.915254],[107.461658,-2.916262],[107.46065,-2.917362],[107.45836,-2.920018],[107.45781,-2.92066],[107.457352,-2.921209],[107.456711,-2.921759],[107.455886,-2.922217],[107.454879,-2.922309],[107.454237,-2.922309],[107.477325,-2.907467],[107.472011,-2.908658],[107.469537,-2.909207],[107.467247,-2.90994],[107.463765,-2.911406],[107.462666,-2.911956],[107.461933,-2.912414],[107.461109,-2.912964],[107.458818,-2.915254],[107.457077,-2.916903],[107.456253,-2.917911],[107.455612,-2.918827],[107.455062,-2.919652],[107.454237,-2.920385],[107.453321,-2.920934],[107.45268,-2.921118],[107.477966,-2.908108]]]}},{"type":"Feature","properties":{"type":"Superbuoy","name":"","objl":121},"geometry":{"type":"Polygon","coordinates":[[[107.383051,-3.04645],[107.382593,-3.045442],[107.382318,-3.044251],[107.382318,-3.041228],[107.382593,-3.040128],[107.382868,-3.039579],[107.383234,-3.039212],[107.383692,-3.039029],[107.383967,-3.038937],[107.384242,-3.039029],[107.384517,-3.039304],[107.384792,-3.03967],[107.385158,-3.041136],[107.385708,-3.043976],[107.386074,-3.045167],[107.386624,-3.046358],[107.387265,-3.048007],[107.387815,-3.049931],[107.388639,-3.053321],[107.383692,-3.046358],[107.384059,-3.046267],[107.384333,-3.046267],[107.384425,-3.046358],[107.384517,-3.046541],[107.384517,-3.046725],[107.384608,-3.047091],[107.384792,-3.047274],[107.384792,-3.047549],[107.384883,-3.047824],[107.384975,-3.048191],[107.385066,-3.048465],[107.385066,-3.050023],[107.384883,-3.050206],[107.384792,-3.050481],[107.384608,-3.050573],[107.384333,-3.050756],[107.383051,-3.04645]]]}},{"type":"Feature","properties":{"type":"Superbuoy","name":"","objl":121},"geometry":{"type":"Polygon","coordinates":[[[107.410353,-3.03738],[107.410078,-3.037288],[107.409895,-3.03738],[107.409528,-3.037471],[107.408612,-3.037929],[107.408337,-3.038204],[107.408154,-3.038571],[107.408154,-3.038754],[107.408062,-3.039029],[107.407971,-3.039579],[107.407879,-3.04022],[107.407787,-3.041044],[107.407787,-3.042877],[107.407879,-3.044801],[107.407971,-3.045076],[107.408337,-3.045534],[107.408612,-3.045625],[107.409711,-3.045625],[107.409986,-3.045442],[107.410261,-3.045167],[107.410536,-3.044984],[107.410811,-3.044892],[107.411086,-3.044618],[107.411177,-3.044618],[107.411177,-3.044434],[107.411361,-3.043701],[107.411544,-3.044159],[107.412368,-3.048374],[107.41246,-3.049382],[107.41246,-3.050023],[107.412185,-3.050573],[107.411727,-3.051122],[107.411086,-3.051489],[107.410078,-3.051672],[107.409162,-3.05158],[107.408429,-3.051122],[107.407971,-3.050573],[107.407513,-3.049931],[107.406596,-3.046816],[107.405589,-3.043335],[107.404581,-3.040586],[107.404031,-3.038754],[107.403573,-3.03683],[107.403298,-3.034631],[107.403023,-3.032341],[107.40284,-3.030325],[107.40284,-3.028585],[107.403115,-3.027852],[107.403298,-3.027577],[107.403756,-3.027027],[107.404306,-3.026935],[107.404672,-3.026935],[107.405039,-3.027027],[107.406047,-3.027302],[107.408246,-3.02831],[107.409253,-3.028951],[107.409711,-3.029409],[107.410078,-3.029959],[107.410353,-3.030692],[107.410628,-3.031883],[107.410628,-3.034082],[107.410536,-3.037013],[107.410353,-3.03738]]]}},{"type":"Feature","properties":{"type":"Superbuoy","name":"","objl":121},"geometry":{"type":"Polygon","coordinates":[[[107.420339,-3.043884],[107.421164,-3.045076],[107.421713,-3.046267],[107.422263,-3.04929],[107.422904,-3.052222],[107.419881,-3.043884],[107.419789,-3.044068],[107.419514,-3.044434],[107.419148,-3.044984],[107.419056,-3.045076],[107.41814,-3.045534],[107.417682,-3.045717],[107.417132,-3.045992],[107.416674,-3.046083],[107.416491,-3.046083],[107.416216,-3.045992],[107.415941,-3.045809],[107.415758,-3.045625],[107.415667,-3.04535],[107.415483,-3.044984],[107.415392,-3.044618],[107.420339,-3.043884]]]}},{"type":"Feature","properties":{"type":"Superbuoy","name":"","objl":121},"geometry":{"type":"Polygon","coordinates":[[[107.441411,-3.042877],[107.441961,-3.043335],[107.442694,-3.044343],[107.443243,-3.045717],[107.443793,-3.047366],[107.444068,-3.049198],[107.444068,-3.056619],[107.444343,-3.060009],[107.444801,-3.063491],[107.44535,-3.06743],[107.445442,-3.070179],[107.445442,-3.071278],[107.44535,-3.072194],[107.445076,-3.072744],[107.441411,-3.042877]]]}},{"type":"Feature","properties":{"type":"Superbuoy","name":"","objl":121},"geometry":{"type":"Polygon","coordinates":[[[107.426935,-3.003207],[107.4306,-3.005314],[107.433349,-3.008429],[107.433898,-3.010628],[107.433623,-3.012918],[107.433074,-3.01301],[107.432433,-3.01301],[107.431516,-3.012368],[107.429867,-3.00962],[107.426935,-3.003207]]]}},{"type":"Feature","properties":{"type":"Superbuoy","name":"","objl":121},"geometry":{"type":"Polygon","coordinates":[[[107.527623,-2.962712],[107.527623,-2.96262],[107.527348,-2.96262],[107.527256,-2.962529],[107.526706,-2.962804],[107.526248,-2.963353],[107.525882,-2.964178],[107.525424,-2.964911],[107.525332,-2.965827],[107.525332,-2.966743],[107.534769,-2.996152],[107.535502,-2.99661],[107.53596,-2.996885],[107.536509,-2.997343],[107.537151,-2.997984],[107.5377,-2.998626],[107.53825,-2.999359],[107.51727,-3.019789],[107.518369,-3.021896],[107.518827,-3.022813],[107.519285,-3.023454],[107.519652,-3.02382],[107.520018,-3.024004],[107.520385,-3.024004],[107.520751,-3.02382],[107.521118,-3.023362],[107.521668,-3.022721],[107.522126,-3.021896],[107.522584,-3.02098],[107.5235,-3.01924],[107.524141,-3.01814],[107.524599,-3.017682],[107.525149,-3.017499],[107.525607,-3.01759],[107.525973,-3.017774],[107.526432,-3.01814],[107.526523,-3.018415],[107.526615,-3.018873],[107.526798,-3.020247],[107.526981,-3.022263],[107.527073,-3.02547],[107.527164,-3.028126],[107.526981,-3.031241],[107.526523,-3.032616],[107.517178,-3.018049],[107.517636,-3.015117],[107.518094,-3.012277],[107.518644,-3.008612],[107.519011,-3.00678],[107.519102,-3.004398],[107.519194,-3.002199],[107.519285,-3.000183],[107.519469,-2.998259],[107.519469,-2.996244],[107.527623,-2.962712]]]}},{"type":"Feature","properties":{"type":"Superbuoy","name":"","objl":121},"geometry":{"type":"Polygon","coordinates":[[[107.522675,-3.039487],[107.522217,-3.040037],[107.522126,-3.040678],[107.522126,-3.041228],[107.522309,-3.041869],[107.522492,-3.042235],[107.522767,-3.042877],[107.522767,-3.045625],[107.522675,-3.046541],[107.522492,-3.047274],[107.522217,-3.048099],[107.521851,-3.048557],[107.521393,-3.048923],[107.520018,-3.049748],[107.519469,-3.050023],[107.518919,-3.050115],[107.518003,-3.050023],[107.516812,-3.049565],[107.515346,-3.048557],[107.510673,-3.044159],[107.507742,-3.041777],[107.506459,-3.040586],[107.506001,-3.040037],[107.505634,-3.039487],[107.505268,-3.038571],[107.505268,-3.037838],[107.505543,-3.037471],[107.506092,-3.036922],[107.5071,-3.036372],[107.508841,-3.036005],[107.51049,-3.035364],[107.512048,-3.034723],[107.513422,-3.033715],[107.52295,-3.039029],[107.521942,-3.039579],[107.520751,-3.039945],[107.520568,-3.039945],[107.520293,-3.040037],[107.520202,-3.040037],[107.520018,-3.039945],[107.519194,-3.039762],[107.518278,-3.039395],[107.517453,-3.038846],[107.516628,-3.038204],[107.515987,-3.037471],[107.515071,-3.036372],[107.514521,-3.035273],[107.514246,-3.034173],[107.522675,-3.039487]]]}},{"type":"Feature","properties":{"type":"Superbuoy","name":"","objl":121},"geometry":{"type":"Polygon","coordinates":[[[107.551993,-3.050481],[107.552634,-3.050756],[107.553459,-3.050939],[107.554924,-3.051122],[107.556299,-3.05158],[107.557581,-3.051947],[107.570774,-3.068988],[107.570499,-3.069079],[107.569858,-3.069354],[107.5694,-3.069262],[107.569033,-3.069171],[107.568759,-3.068988],[107.568026,-3.068255],[107.56711,-3.066972],[107.566193,-3.065231],[107.565277,-3.063216],[107.564269,-3.061658],[107.563353,-3.060376],[107.562529,-3.059459],[107.561796,-3.05891],[107.561246,-3.058635],[107.560696,-3.058727],[107.560238,-3.059093],[107.559505,-3.059551],[107.558955,-3.059826],[107.557673,-3.060009],[107.557032,-3.059918],[107.551993,-3.050481]]]}},{"type":"Feature","properties":{"type":"Superbuoy","name":"","objl":121},"geometry":{"type":"Polygon","coordinates":[[[107.611727,-3.114338],[107.612002,-3.114338],[107.613101,-3.114521],[107.613834,-3.116537],[107.613651,-3.118186],[107.612735,-3.119743],[107.612093,-3.120202],[107.610261,-3.120202],[107.607146,-3.121026],[107.604947,-3.122034],[107.60339,-3.122217],[107.602016,-3.121301],[107.601008,-3.119469],[107.601466,-3.118186],[107.604031,-3.116629],[107.611727,-3.114338]]]}},{"type":"Feature","properties":{"type":"Superbuoy","name":"","objl":121},"geometry":{"type":"Polygon","coordinates":[[[107.587815,-3.232249],[107.586807,-3.231608],[107.586166,-3.231058],[107.585616,-3.230325],[107.585158,-3.229592],[107.585066,-3.229134],[107.585158,-3.228676],[107.585433,-3.228218],[107.585891,-3.22776],[107.586532,-3.22721],[107.586899,-3.226935],[107.587448,-3.226752],[107.588639,-3.226202],[107.589831,-3.225836],[107.590655,-3.225653],[107.591113,-3.225653],[107.59148,-3.225836],[107.591663,-3.226477],[107.592121,-3.228401],[107.592213,-3.229043],[107.592487,-3.229776],[107.592762,-3.230325],[107.592945,-3.230325],[107.593495,-3.230783],[107.594045,-3.23115],[107.594595,-3.231333],[107.595144,-3.231425],[107.595694,-3.231699],[107.59606,-3.232249],[107.596244,-3.232799],[107.59606,-3.23344],[107.595877,-3.23399],[107.595511,-3.23454],[107.594961,-3.235181],[107.594503,-3.235731],[107.593862,-3.236097],[107.593312,-3.23628],[107.592487,-3.23628],[107.591663,-3.236006],[107.591113,-3.235639],[107.589189,-3.233807],[107.587907,-3.231608],[107.588456,-3.230692],[107.589372,-3.23005],[107.589831,-3.23005],[107.59038,-3.230234],[107.590747,-3.230508],[107.591205,-3.230875],[107.591571,-3.231425],[107.591663,-3.231974],[107.591663,-3.232616],[107.591113,-3.233165],[107.589831,-3.233532],[107.587815,-3.232249]]]}},{"type":"Feature","properties":{"type":"Superbuoy","name":"","objl":121},"geometry":{"type":"Polygon","coordinates":[[[107.727714,-3.322858],[107.728447,-3.323591],[107.729821,-3.325057],[107.730188,-3.325607],[107.730371,-3.326157],[107.730371,-3.327164],[107.730188,-3.327806],[107.72524,-3.328355],[107.723683,-3.327989],[107.7235,-3.327622],[107.7235,-3.326248],[107.724141,-3.325699],[107.72579,-3.325973],[107.725973,-3.326248],[107.726248,-3.326523],[107.726248,-3.32689],[107.727714,-3.322858]]]}},{"type":"Feature","properties":{"type":"Superbuoy","name":"","objl":121},"geometry":{"type":"Polygon","coordinates":[[[107.787357,-3.243152],[107.788456,-3.242968],[107.790289,-3.242968],[107.791113,-3.24306],[107.78754,-3.247824],[107.787723,-3.247366],[107.787998,-3.246999],[107.788273,-3.246816],[107.788823,-3.246725],[107.789189,-3.246908],[107.789464,-3.247183],[107.789739,-3.247641],[107.789739,-3.248007],[107.789647,-3.248374],[107.789464,-3.24874],[107.789189,-3.248924],[107.788731,-3.249015],[107.788273,-3.249015],[107.787723,-3.248465],[107.777096,-3.248649],[107.776729,-3.248465],[107.776454,-3.248282],[107.776271,-3.247824],[107.776454,-3.247366],[107.776729,-3.247091],[107.777004,-3.246999],[107.777645,-3.246999],[107.778012,-3.247091],[107.778287,-3.247366],[107.778378,-3.247733],[107.778287,-3.248099],[107.778012,-3.248374],[107.777645,-3.248557],[107.787357,-3.243152]]]}},{"type":"Feature","properties":{"type":"Superbuoy","name":"","objl":121},"geometry":{"type":"Polygon","coordinates":[[[107.885295,-3.183417],[107.88557,-3.183417],[107.885845,-3.1836],[107.886028,-3.184059],[107.88612,-3.184975],[107.886028,-3.185891],[107.885845,-3.186807],[107.88557,-3.18754],[107.885295,-3.18809],[107.884563,-3.189372],[107.883555,-3.191296],[107.883005,-3.192304],[107.882364,-3.193312],[107.881722,-3.194045],[107.881173,-3.194503],[107.880348,-3.194778],[107.880073,-3.194778],[107.879707,-3.194595],[107.879432,-3.19432],[107.879249,-3.193953],[107.879157,-3.193404],[107.879065,-3.192213],[107.879249,-3.191205],[107.879432,-3.19038],[107.879432,-3.189739],[107.879524,-3.188273],[107.879524,-3.187448],[107.879707,-3.186716],[107.880165,-3.185616],[107.880531,-3.18525],[107.881173,-3.184883],[107.88273,-3.18415],[107.885295,-3.183417]]]}},{"type":"Feature","properties":{"type":"Superbuoy","name":"","objl":121},"geometry":{"type":"Polygon","coordinates":[[[108.228584,-3.200458],[108.229409,-3.198992],[108.229776,-3.198259],[108.230234,-3.197526],[108.230692,-3.19716],[108.231058,-3.196793],[108.231516,-3.19661],[108.231883,-3.196427],[108.233074,-3.195969],[108.234082,-3.195694],[108.234814,-3.195602],[108.235547,-3.195694],[108.235731,-3.195786],[108.235822,-3.195969],[108.235639,-3.196427],[108.235364,-3.196885],[108.234265,-3.198076],[108.233532,-3.199084],[108.232707,-3.200366],[108.2317,-3.201832],[108.230783,-3.203023],[108.229776,-3.204123],[108.228584,-3.205314],[108.22547,-3.207971],[108.223546,-3.209253],[108.221622,-3.210353],[108.22153,-3.210353],[108.219789,-3.211544],[108.219056,-3.212002],[108.217132,-3.21301],[108.215025,-3.213834],[108.213376,-3.214384],[108.211635,-3.214659],[108.210902,-3.21475],[108.210078,-3.214934],[108.209345,-3.214934],[108.208612,-3.21475],[108.207971,-3.214201],[108.207513,-3.213742],[108.207238,-3.213284],[108.207054,-3.212735],[108.206963,-3.212093],[108.207238,-3.211452],[108.207421,-3.211177],[108.208246,-3.210353],[108.208795,-3.21017],[108.228584,-3.201099],[108.229409,-3.201191],[108.229684,-3.201374],[108.229684,-3.201924],[108.229501,-3.202382],[108.228768,-3.203481],[108.227577,-3.204673],[108.225836,-3.206047],[108.223362,-3.207787],[108.219972,-3.209895],[108.218965,-3.210628],[108.216858,-3.211635],[108.214017,-3.213101],[108.212002,-3.213559],[108.209528,-3.213926],[108.209345,-3.213926],[108.20907,-3.213651],[108.20907,-3.212643],[108.209253,-3.212093],[108.20962,-3.211452],[108.228584,-3.200458]]]}},{"type":"Feature","properties":{"type":"Superbuoy","name":"","objl":121},"geometry":{"type":"Polygon","coordinates":[[[108.229592,-3.174989],[108.229867,-3.175996],[108.229867,-3.176179],[108.229959,-3.176271],[108.229959,-3.176454],[108.229867,-3.176454],[108.229592,-3.177279],[108.229409,-3.177554],[108.228859,-3.177829],[108.228127,-3.178287],[108.227027,-3.178745],[108.225653,-3.179111],[108.223912,-3.179478],[108.222263,-3.179753],[108.221438,-3.179844],[108.220705,-3.179753],[108.219698,-3.179661],[108.218965,-3.179478],[108.218598,-3.179295],[108.229409,-3.174805],[108.229134,-3.175172],[108.228768,-3.17563],[108.228218,-3.175905],[108.228127,-3.175905],[108.226569,-3.176088],[108.224828,-3.176179],[108.22437,-3.176179],[108.223729,-3.176088],[108.223179,-3.17563],[108.222904,-3.175263],[108.222813,-3.174805],[108.222629,-3.174256],[108.222721,-3.173706],[108.222996,-3.173156],[108.229592,-3.174989]]]}},{"type":"Feature","properties":{"type":"Superbuoy","name":"","objl":121},"geometry":{"type":"Point","coordinates":[108.324966,-3.054054]}},{"type":"Feature","properties":{"type":"Superbuoy","name":"","objl":121},"geometry":{"type":"Polygon","coordinates":[[[108.302977,-3.012826],[108.304352,-3.013834],[108.305726,-3.014567],[108.307009,-3.015025],[108.308108,-3.0153],[108.309024,-3.015483],[108.309574,-3.015758],[108.309849,-3.015941],[108.310032,-3.016125],[108.310307,-3.016766],[108.31049,-3.01759],[108.31049,-3.018507],[108.310307,-3.019423],[108.310124,-3.019973],[108.30994,-3.020247],[108.309666,-3.020614],[108.309299,-3.020889],[108.308475,-3.021255],[108.307375,-3.021347],[108.306551,-3.021164],[108.305634,-3.020247],[108.305176,-3.019698],[108.304535,-3.019148],[108.303619,-3.018598],[108.302336,-3.018232],[108.300962,-3.01814],[108.298488,-3.01814],[108.297572,-3.018049],[108.297022,-3.017682],[108.296748,-3.017407],[108.296473,-3.017041],[108.29629,-3.016308],[108.29629,-3.0153],[108.296473,-3.014292],[108.296839,-3.013468],[108.297481,-3.012735],[108.298122,-3.012185],[108.298946,-3.011544],[108.29913,-3.011544],[108.299954,-3.01136],[108.30087,-3.011544],[108.301787,-3.01191],[108.302977,-3.012826]]]}},{"type":"Feature","properties":{"type":"Superbuoy","name":"","objl":121},"geometry":{"type":"Polygon","coordinates":[[[108.203665,-2.68044],[108.204214,-2.680073],[108.204398,-2.67989],[108.2929,-2.74695],[108.293449,-2.747687],[108.294457,-2.749153],[108.29519,-2.75071],[108.295831,-2.752268],[108.29629,-2.753642],[108.296656,-2.755108],[108.296748,-2.755749],[108.296839,-2.756482],[108.296931,-2.757673],[108.296931,-2.758681],[108.296748,-2.759689],[108.296473,-2.760238],[108.296198,-2.76088],[108.295557,-2.761521],[108.295007,-2.761887],[108.294091,-2.762345],[108.294091,-2.755199],[108.293633,-2.757673],[108.293175,-2.759872],[108.292808,-2.761521],[108.20284,-2.681631],[108.203665,-2.682272],[108.204764,-2.683097],[108.203665,-2.68044]]]}},{"type":"Feature","properties":{"type":"Superbuoy","name":"","objl":121},"geometry":{"type":"Polygon","coordinates":[[[108.29519,-2.777554],[108.296564,-2.778745],[108.297755,-2.780119],[108.298855,-2.781677],[108.299588,-2.783417],[108.300046,-2.78525],[108.300321,-2.787174],[108.300504,-2.789098],[108.30087,-2.79093],[108.302153,-2.795694],[108.303436,-2.800366],[108.304627,-2.804489],[108.306001,-2.808612],[108.307284,-2.811361],[108.30875,-2.814109],[108.310124,-2.816949],[108.292442,-2.775905],[108.292991,-2.777737],[108.293816,-2.779478],[108.294091,-2.779936],[108.294824,-2.781219],[108.295557,-2.782684],[108.296106,-2.784333],[108.296656,-2.786166],[108.297481,-2.789647],[108.29803,-2.792487],[108.29519,-2.777554]]]}},{"type":"Feature","properties":{"type":"Superbuoy","name":"","objl":121},"geometry":{"type":"Polygon","coordinates":[[[108.44077,-2.796427],[108.440861,-2.79661],[108.441411,-2.798351],[108.441869,-2.799634],[108.441961,-2.80055],[108.441961,-2.801191],[108.441777,-2.801649],[108.441686,-2.801924],[108.441136,-2.80229],[108.440861,-2.802382],[108.440312,-2.802382],[108.439395,-2.80229],[108.438388,-2.801924],[108.437288,-2.801557],[108.436372,-2.801374],[108.435456,-2.801374],[108.434356,-2.801557],[108.432341,-2.801649],[108.431883,-2.801649],[108.430967,-2.801191],[108.4306,-2.800641],[108.430417,-2.799725],[108.430325,-2.798259],[108.430509,-2.796427],[108.430967,-2.793129],[108.431241,-2.792121],[108.431516,-2.791205],[108.432249,-2.789556],[108.432799,-2.788823],[108.43344,-2.788273],[108.43399,-2.787907],[108.43454,-2.787815],[108.434815,-2.787815],[108.435089,-2.787998],[108.435731,-2.788823],[108.440312,-2.795786],[108.439762,-2.795877],[108.439395,-2.795694],[108.438937,-2.795419],[108.438571,-2.795053],[108.438113,-2.794503],[108.437838,-2.79377],[108.437563,-2.793129],[108.43738,-2.792579],[108.437196,-2.792121],[108.437105,-2.79148],[108.437288,-2.79093],[108.44077,-2.796427]]]}},{"type":"Feature","properties":{"type":"Superbuoy","name":"","objl":121},"geometry":{"type":"Polygon","coordinates":[[[108.330646,-3.227027],[108.330463,-3.227485],[108.330096,-3.228035],[108.329272,-3.228951],[108.328264,-3.229684],[108.330646,-3.227027]]]}},{"type":"Feature","properties":{"type":"depth_contour","name":"","objl":30},"geometry":{"type":"LineString","coordinates":[[108.498397,-2.643243],[108.498855,-2.64306],[108.499679,-2.641686],[108.499679,-2.641044],[108.499588,-2.640403],[108.499588,-2.64022],[108.499221,-2.639121],[108.49803,-2.642877],[108.497847,-2.642419],[108.49748,-2.641136],[108.49748,-2.640953],[108.497206,-2.639304],[108.497206,-2.638846],[108.49748,-2.638387],[108.497755,-2.638204],[108.498122,-2.638296]]}},{"type":"Feature","properties":{"type":"depth_contour","name":"","objl":30},"geometry":{"type":"LineString","coordinates":[[108.514613,-2.641044],[108.514521,-2.640678],[108.514521,-2.639853],[108.51443,-2.639029],[108.51443,-2.638846],[108.514521,-2.638021],[108.514521,-2.637655],[108.514796,-2.637288],[108.514888,-2.641411]]}},{"type":"Feature","properties":{"type":"depth_contour","name":"","objl":30},"geometry":{"type":"LineString","coordinates":[[110.087586,-2.378012],[110.088136,-2.378745],[110.08841,-2.379569],[110.08841,-2.380486],[110.087769,-2.381402],[110.086853,-2.38186],[110.085845,-2.382043],[110.084837,-2.382318],[110.079157,-2.385158],[110.077508,-2.38525],[110.076592,-2.385066],[110.075676,-2.384792],[110.074943,-2.384242],[110.074485,-2.383509],[110.07421,-2.382501],[110.074759,-2.381493],[110.075584,-2.380852],[110.0765,-2.380577],[110.0776,-2.380394],[110.077783,-2.380302],[110.078516,-2.380028]]}},{"type":"Feature","properties":{"type":"pipeline","name":"","objl":86},"geometry":{"type":"Polygon","coordinates":[[[110.076537,-2.392717],[110.072198,-2.39199],[110.068945,-2.389444],[110.066414,-2.387262],[110.065329,-2.382899],[110.066414,-2.378898],[110.072921,-2.375262],[110.07726,-2.373807],[110.08449,-2.37308],[110.089913,-2.373807],[110.093167,-2.377444],[110.09389,-2.382535],[110.091721,-2.386899],[110.089913,-2.389808],[110.08666,-2.391626],[110.087586,-2.378012],[110.088136,-2.378745],[110.08841,-2.379569],[110.08841,-2.380486],[110.087769,-2.381402],[110.086853,-2.38186],[110.085845,-2.382043],[110.084837,-2.382318],[110.079157,-2.385158],[110.077508,-2.38525],[110.076592,-2.385066],[110.075676,-2.384792],[110.074943,-2.384242],[110.074485,-2.383509],[110.07421,-2.382501],[110.074759,-2.381493],[110.075584,-2.380852],[110.0765,-2.380577],[110.0776,-2.380394],[110.077783,-2.380302],[110.078516,-2.380028],[110.076537,-2.392717]]]}},{"type":"Feature","properties":{"type":"depth_contour","name":"","objl":30},"geometry":{"type":"LineString","coordinates":[[110.13596,-2.634723],[110.137059,-2.634815],[110.138433,-2.635364],[110.139166,-2.635822],[110.139716,-2.636372],[110.140266,-2.637471],[110.140449,-2.638846],[110.140449,-2.640403],[110.140174,-2.641044],[110.139624,-2.641594],[110.1388,-2.641777],[110.1377,-2.641411],[110.137059,-2.641136],[110.136509,-2.640678],[110.135502,-2.63967],[110.134494,-2.638204],[110.134402,-2.637471],[110.134769,-2.636097]]}},{"type":"Feature","properties":{"type":"depth_contour","name":"","objl":30},"geometry":{"type":"LineString","coordinates":[[110.165735,-2.640586],[110.165735,-2.64251],[110.164819,-2.643518],[110.163995,-2.643976],[110.163353,-2.644068],[110.16262,-2.643793],[110.162071,-2.643243],[110.161521,-2.642419],[110.161338,-2.641228],[110.161429,-2.638846],[110.161613,-2.637929],[110.161979,-2.63738],[110.162712,-2.637288],[110.163811,-2.637655]]}},{"type":"Feature","properties":{"type":"depth_contour","name":"","objl":30},"geometry":{"type":"LineString","coordinates":[[110.195236,-2.519469],[110.195602,-2.521026],[110.195877,-2.521942],[110.195602,-2.522858],[110.195144,-2.523591],[110.193312,-2.523591],[110.192396,-2.5235],[110.191938,-2.5235],[110.191938,-2.522858],[110.191755,-2.5224]]}},{"type":"Feature","properties":{"type":"depth_contour","name":"","objl":30},"geometry":{"type":"LineString","coordinates":[[110.195053,-2.494457],[110.195419,-2.496015],[110.195694,-2.496931],[110.195419,-2.497847],[110.194961,-2.49858],[110.193129,-2.49858],[110.192213,-2.498488],[110.191755,-2.498488],[110.191755,-2.497847],[110.191571,-2.497389]]}},{"type":"Feature","properties":{"type":"depth_contour","name":"","objl":30},"geometry":{"type":"LineString","coordinates":[[110.19377,-2.509024],[110.194136,-2.510582],[110.194411,-2.511498],[110.194136,-2.512414],[110.193678,-2.513147],[110.191846,-2.513147],[110.19093,-2.513055],[110.190472,-2.513055],[110.190472,-2.512414],[110.190289,-2.511956]]}},{"type":"Feature","properties":{"type":"Superbuoy","name":"","objl":121},"geometry":{"type":"Polygon","coordinates":[[[107.164178,-2.975813],[107.164178,-2.976638],[107.164086,-2.977279],[107.163811,-2.97792],[107.163628,-2.978287],[107.163445,-2.978562],[107.16317,-2.97902],[107.162712,-2.979294],[107.161063,-2.980577],[107.158681,-2.982043],[107.157581,-2.982868],[107.156482,-2.983326],[107.155566,-2.983509],[107.15465,-2.983417],[107.153825,-2.982959],[107.153275,-2.98241],[107.152909,-2.981768],[107.152634,-2.980852],[107.152359,-2.979478],[107.164178,-2.975813]]]}},{"type":"Feature","properties":{"type":"Superbuoy","name":"","objl":121},"geometry":{"type":"Polygon","coordinates":[[[107.040128,-2.868163],[107.039487,-2.86798],[107.037746,-2.86743],[107.036097,-2.866606],[107.03454,-2.865598],[107.033532,-2.864773],[107.032616,-2.863857],[107.031974,-2.862849],[107.031425,-2.861658],[107.030875,-2.859643],[107.030967,-2.858726],[107.031425,-2.85781],[107.032066,-2.856986],[107.03289,-2.856619],[107.033807,-2.856345],[107.034723,-2.856253],[107.035731,-2.855978],[107.037471,-2.855612],[107.039304,-2.855337],[107.041044,-2.85497],[107.042785,-2.854146],[107.044068,-2.853138],[107.045076,-2.851947],[107.045992,-2.850664],[107.047458,-2.847733],[107.048007,-2.8459],[107.048099,-2.843885],[107.048099,-2.841961],[107.048374,-2.839945],[107.049198,-2.838113],[107.050481,-2.836555],[107.051947,-2.835456],[107.053596,-2.834448],[107.055337,-2.83344],[107.056894,-2.832341],[107.059276,-2.830325],[107.061567,-2.828218],[107.063765,-2.825928],[107.065873,-2.823546],[107.067705,-2.820522],[107.069171,-2.817407],[107.070545,-2.814017],[107.071919,-2.810811],[107.073752,-2.807696],[107.075034,-2.805497],[107.075767,-2.804398],[107.076867,-2.803481],[107.078058,-2.80284],[107.079157,-2.802565],[107.08044,-2.802382],[107.081722,-2.802657],[107.082822,-2.803115],[107.08383,-2.803848],[107.084654,-2.804673],[107.086487,-2.806322],[107.087769,-2.807146],[107.089052,-2.808062],[107.090151,-2.808978],[107.091159,-2.810261],[107.091526,-2.811361],[107.0918,-2.812368],[107.092075,-2.814201],[107.091892,-2.815941],[107.091159,-2.819606],[107.091159,-2.821347],[107.090884,-2.823546],[107.091067,-2.824187],[107.091434,-2.82492],[107.092533,-2.825653],[107.093724,-2.826111],[107.094915,-2.826202],[107.096198,-2.826111],[107.097389,-2.825928],[107.09858,-2.825928],[107.100962,-2.826386],[107.103161,-2.826844],[107.105451,-2.827668],[107.107558,-2.828584],[107.109574,-2.829959],[107.111498,-2.8317],[107.113056,-2.833532],[107.11443,-2.835731],[107.115529,-2.837929],[107.116629,-2.84022],[107.118094,-2.843701],[107.118186,-2.843885],[107.119285,-2.848007],[107.119652,-2.852038],[107.119469,-2.856161],[107.119011,-2.860192],[107.117911,-2.868438],[107.116995,-2.876042],[107.115804,-2.883463],[107.114063,-2.890884],[107.111681,-2.898213],[107.111223,-2.899405],[107.109666,-2.898763],[107.109757,-2.895557],[107.109849,-2.893266],[107.110032,-2.8918],[107.110215,-2.890518],[107.110673,-2.88841],[107.111406,-2.885754],[107.112323,-2.882547],[107.113605,-2.877966],[107.114705,-2.874027],[107.115529,-2.871003],[107.115896,-2.868713],[107.116079,-2.867155],[107.116079,-2.865781],[107.115987,-2.86404],[107.115529,-2.858085],[107.115346,-2.855154],[107.115163,-2.852955],[107.114888,-2.851397],[107.114613,-2.850481],[107.114246,-2.849931],[107.11388,-2.849565],[107.113605,-2.84929],[107.11333,-2.849198],[107.112597,-2.849107],[107.111956,-2.84929],[107.111498,-2.84984],[107.111131,-2.850481],[107.110582,-2.850939],[107.110032,-2.851306],[107.109482,-2.851306],[107.108841,-2.850939],[107.108475,-2.850481],[107.108017,-2.849565],[107.10765,-2.848191],[107.1071,-2.844892],[107.106825,-2.843793],[107.106551,-2.843152],[107.106184,-2.84251],[107.105634,-2.841869],[107.10481,-2.841044],[107.103527,-2.840311],[107.101878,-2.839304],[107.100412,-2.838296],[107.098946,-2.83738],[107.097481,-2.836464],[107.096289,-2.835822],[107.095465,-2.835547],[107.094915,-2.835456],[107.09464,-2.835364],[107.094366,-2.835364],[107.094091,-2.835456],[107.093724,-2.835547],[107.093541,-2.835639],[107.093449,-2.835822],[107.040128,-2.868163]]]}},{"type":"Feature","properties":{"type":"depth_contour","name":"","objl":30},"geometry":{"type":"LineString","coordinates":[[104.960147,-2.344114],[104.956299,-2.344663],[104.949244,-2.346129],[104.945396,-2.347137],[104.941732,-2.348511],[104.939991,-2.349427],[104.938617,-2.350344],[104.936601,-2.352176],[104.93541,-2.353642],[104.965277,-2.343747],[104.973889,-2.343289],[104.975538,-2.343197]]}},{"type":"Feature","properties":{"type":"depth_contour","name":"","objl":30},"geometry":{"type":"LineString","coordinates":[[105.069079,-2.379844],[105.072744,-2.376454],[105.075584,-2.375172],[105.081814,-2.373798],[105.08612,-2.373431],[105.0929,-2.374622],[105.099588,-2.373798]]}},{"type":"Feature","properties":{"type":"depth_contour","name":"","objl":30},"geometry":{"type":"LineString","coordinates":[[106.755932,-2.893816],[106.758406,-2.89235],[106.75465,-2.894457],[106.753367,-2.895007],[106.74448,-2.895007],[106.743656,-2.893266],[106.742739,-2.891159],[106.742098,-2.88951],[106.741732,-2.888227],[106.741548,-2.887311],[106.741457,-2.886487],[106.741548,-2.885662],[106.741732,-2.884654],[106.742281,-2.883646],[106.743197,-2.882455],[106.744755,-2.881356],[106.746496,-2.880257],[106.748328,-2.879249],[106.750802,-2.877691],[106.751993,-2.876867],[106.753917,-2.874943],[106.754466,-2.874118],[106.755016,-2.873202],[106.756116,-2.871095],[106.75639,-2.870087],[106.756757,-2.868621],[106.757032,-2.867155],[106.757306,-2.865598],[106.758039,-2.864315],[106.758406,-2.863765]]}},{"type":"Feature","properties":{"type":"depth_contour","name":"","objl":30},"geometry":{"type":"LineString","coordinates":[[106.701328,-2.957673],[106.701695,-2.958406],[106.701878,-2.959139],[106.70197,-2.959872],[106.70197,-2.960421],[106.701878,-2.960971],[106.701603,-2.961521],[106.701328,-2.961979],[106.70087,-2.962345],[106.700321,-2.96262],[106.699863,-2.962895],[106.699221,-2.963078],[106.698672,-2.963078],[106.698213,-2.962987],[106.697572,-2.962804],[106.697023,-2.962529],[106.690793,-2.953092],[106.690884,-2.952542],[106.691159,-2.951993],[106.691617,-2.951626],[106.692167,-2.951351],[106.692716,-2.951351],[106.693266,-2.951626],[106.693816,-2.951809],[106.694366,-2.952084],[106.695465,-2.952542],[106.696656,-2.953092]]}},{"type":"Feature","properties":{"type":"depth_contour","name":"","objl":30},"geometry":{"type":"LineString","coordinates":[[106.719835,-2.954924],[106.719835,-2.955932],[106.719652,-2.95639],[106.719377,-2.956848],[106.719011,-2.957398],[106.718094,-2.958314],[106.717545,-2.958681],[106.716445,-2.959139],[106.715529,-2.959322],[106.715163,-2.959414],[106.714888,-2.959322],[106.71443,-2.959322],[106.714155,-2.959139],[106.713514,-2.958772]]}},{"type":"Feature","properties":{"type":"depth_contour","name":"","objl":30},"geometry":{"type":"LineString","coordinates":[[106.734585,-2.975722],[106.734127,-2.974347],[106.733852,-2.973706],[106.733394,-2.973065],[106.732936,-2.972515],[106.732295,-2.971965],[106.731562,-2.971415],[106.730738,-2.970866],[106.729638,-2.970408],[106.728447,-2.969858],[106.725332,-2.969034],[106.72524,-2.969034],[106.724141,-2.968759],[106.723042,-2.968575],[106.721851,-2.968484],[106.72066,-2.968667],[106.719744,-2.969125],[106.718827,-2.969858],[106.718094,-2.970499],[106.717453,-2.971415],[106.716903,-2.972698],[106.716628,-2.974072],[106.716537,-2.975447],[106.716628,-2.977096],[106.717087,-2.978836],[106.717636,-2.980486],[106.718094,-2.981493],[106.718644,-2.98241],[106.719927,-2.984059],[106.72066,-2.9847],[106.721393,-2.985158],[106.722126,-2.985524],[106.723042,-2.985616],[106.723958,-2.985799],[106.724966,-2.985799],[106.725973,-2.985708],[106.72689,-2.985616],[106.734677,-2.977096],[106.734494,-2.97847],[106.734402,-2.979111],[106.733394,-2.981127],[106.732753,-2.982226],[106.73202,-2.983051],[106.731196,-2.983875],[106.730096,-2.984517],[106.728722,-2.985158]]}},{"type":"Feature","properties":{"type":"depth_contour","name":"","objl":30},"geometry":{"type":"LineString","coordinates":[[106.787448,-2.882089],[106.787907,-2.881081],[106.788548,-2.880165],[106.789372,-2.879157],[106.790197,-2.878424],[106.791021,-2.8776],[106.791571,-2.877233],[106.792396,-2.876775],[106.794045,-2.876042],[106.79487,-2.875951],[106.795694,-2.875951],[106.796427,-2.876042],[106.79606,-2.883555],[106.796152,-2.883371],[106.796702,-2.882639],[106.797252,-2.881997],[106.79771,-2.881356],[106.798168,-2.880623],[106.798534,-2.879799],[106.798534,-2.878149],[106.798076,-2.877142],[106.79771,-2.876867],[106.795419,-2.884104],[106.79487,-2.884654],[106.793403,-2.885754],[106.792121,-2.886578],[106.791021,-2.887128],[106.790105,-2.887494],[106.788731,-2.887952],[106.787723,-2.888319],[106.78699,-2.888319],[106.786624,-2.888227],[106.786441,-2.887952],[106.786166,-2.887219],[106.786258,-2.885845],[106.786624,-2.884104],[106.78699,-2.883097]]}},{"type":"Feature","properties":{"type":"depth_contour","name":"","objl":30},"geometry":{"type":"LineString","coordinates":[[105.78983,-2.413559],[105.78983,-2.414659],[105.789556,-2.416033],[105.790472,-2.417957],[105.791754,-2.421347],[105.793037,-2.422996],[105.793495,-2.423454],[105.794869,-2.424187],[105.79771,-2.423912],[105.804764,-2.423362],[105.807513,-2.422446]]}},{"type":"Feature","properties":{"type":"depth_contour","name":"","objl":30},"geometry":{"type":"LineString","coordinates":[[110.089418,-2.235639],[110.089785,-2.237197],[110.090059,-2.238113],[110.089785,-2.239029],[110.089327,-2.239762],[110.087494,-2.239762],[110.086578,-2.23967],[110.08612,-2.23967],[110.08612,-2.239029],[110.085937,-2.238571]]}},{"type":"Feature","properties":{"type":"depth_contour","name":"","objl":30},"geometry":{"type":"LineString","coordinates":[[110.1071,-2.826294],[110.107284,-2.826477],[110.107558,-2.826844],[110.107742,-2.827302],[110.107925,-2.827943],[110.107925,-2.828768]]}},{"type":"Feature","properties":{"type":"depth_contour","name":"","objl":30},"geometry":{"type":"LineString","coordinates":[[108.546129,-2.50426],[108.54677,-2.503802],[108.547595,-2.503436],[108.54842,-2.503252],[108.549244,-2.503161]]}},{"type":"Feature","properties":{"type":"depth_contour","name":"","objl":30},"geometry":{"type":"LineString","coordinates":[[108.572881,-2.578012],[108.573431,-2.578562],[108.573798,-2.579386],[108.573889,-2.581218],[108.573614,-2.582043],[108.573156,-2.582776],[108.572881,-2.583143],[108.572148,-2.583509],[108.57169,-2.583509],[108.570866,-2.583417],[108.570133,-2.583051],[108.569034,-2.582226],[108.56885,-2.581952],[108.56885,-2.581493],[108.568942,-2.579844],[108.569125,-2.57902],[108.569491,-2.578378],[108.569858,-2.57792],[108.570408,-2.577645]]}},{"type":"Feature","properties":{"type":"depth_contour","name":"","objl":30},"geometry":{"type":"LineString","coordinates":[[108.455062,-2.71049],[108.455612,-2.709941],[108.45607,-2.709849],[108.456436,-2.709941],[108.456802,-2.710307],[108.456986,-2.710673],[108.454695,-2.710948],[108.454512,-2.711315],[108.454512,-2.711864],[108.454604,-2.712231],[108.455153,-2.712964],[108.455703,-2.713513],[108.455978,-2.71388],[108.456253,-2.714338],[108.456619,-2.714613],[108.456894,-2.714705],[108.457352,-2.714796],[108.457719,-2.714796],[108.458085,-2.714613],[108.458269,-2.714246],[108.45836,-2.71388],[108.458269,-2.713513],[108.458177,-2.713147],[108.457994,-2.712506],[108.457719,-2.711864]]}},{"type":"Feature","properties":{"type":"depth_contour","name":"","objl":30},"geometry":{"type":"LineString","coordinates":[[108.445717,-2.689052],[108.445717,-2.690334],[108.445534,-2.690884],[108.445259,-2.691067],[108.444068,-2.691709],[108.44251,-2.691984],[108.440861,-2.692167],[108.44022,-2.692167],[108.439579,-2.691984],[108.439121,-2.691709],[108.444984,-2.687586],[108.44535,-2.688044],[108.443793,-2.686395],[108.442694,-2.685296],[108.442144,-2.684837],[108.441686,-2.684471],[108.440861,-2.684104],[108.440312,-2.683921],[108.439579,-2.68383],[108.438846,-2.683921],[108.438662,-2.683921],[108.438296,-2.684104],[108.438204,-2.684288],[108.438021,-2.684379]]}},{"type":"Feature","properties":{"type":"depth_contour","name":"","objl":30},"geometry":{"type":"LineString","coordinates":[[107.867252,-2.5591],[107.873712,-2.559506],[107.876538,-2.556528],[107.875327,-2.553686],[107.868732,-2.553212]]}},{"type":"Feature","properties":{"type":"depth_contour","name":"","objl":30},"geometry":{"type":"LineString","coordinates":[[107.555382,-2.774805],[107.554741,-2.77508],[107.554375,-2.775172],[107.554008,-2.775355],[107.553642,-2.775263],[107.553184,-2.774989],[107.552909,-2.774714],[107.552909,-2.773798],[107.553092,-2.773339],[107.553459,-2.77279],[107.553825,-2.772332],[107.554466,-2.771965],[107.555199,-2.77169],[107.556848,-2.771141],[107.557123,-2.771141],[107.55923,-2.770499],[107.56033,-2.770133],[107.561521,-2.770041],[107.562254,-2.770041],[107.562895,-2.770133],[107.563536,-2.770499],[107.563903,-2.771141],[107.563995,-2.771141],[107.564178,-2.77169],[107.564269,-2.77224],[107.564269,-2.773248],[107.563995,-2.773706],[107.56372,-2.774072],[107.563262,-2.774347],[107.562804,-2.774439],[107.562071,-2.774439],[107.561429,-2.774347],[107.560238,-2.773981],[107.559322,-2.773889],[107.558772,-2.773889],[107.558131,-2.774072],[107.556299,-2.774439]]}},{"type":"Feature","properties":{"type":"depth_contour","name":"","objl":30},"geometry":{"type":"LineString","coordinates":[[107.506092,-2.82776],[107.505085,-2.826202],[107.504443,-2.824828],[107.503894,-2.823362],[107.503619,-2.821896],[107.503527,-2.820614],[107.503527,-2.818965],[107.50371,-2.818415],[107.503985,-2.817407],[107.504169,-2.816949],[107.504535,-2.816399],[107.50536,-2.815483],[107.506001,-2.815117],[107.506734,-2.81475],[107.507742,-2.814475],[107.508658,-2.814201],[107.509757,-2.814109],[107.510948,-2.814017],[107.513239,-2.813926],[107.515621,-2.814201],[107.518003,-2.81475],[107.52295,-2.815758],[107.524691,-2.816033],[107.525332,-2.816308]]}},{"type":"Feature","properties":{"type":"depth_contour","name":"","objl":30},"geometry":{"type":"LineString","coordinates":[[107.408887,-2.797526],[107.40907,-2.79716],[107.409436,-2.796793],[107.410628,-2.795877],[107.41246,-2.794961],[107.415941,-2.793312],[107.417499,-2.792671],[107.419331,-2.792213],[107.420522,-2.791938],[107.421164,-2.791755],[107.422629,-2.79093],[107.42547,-2.789372],[107.408979,-2.798351],[107.40962,-2.798992],[107.410078,-2.799176],[107.410628,-2.799359],[107.421622,-2.801557],[107.423271,-2.801924],[107.426019,-2.803115]]}},{"type":"Feature","properties":{"type":"depth_contour","name":"","objl":30},"geometry":{"type":"LineString","coordinates":[[107.389098,-2.891525],[107.386441,-2.888685],[107.386166,-2.888319],[107.385983,-2.887861],[107.385799,-2.886487],[107.385616,-2.88557],[107.385158,-2.884562],[107.384517,-2.883463],[107.384425,-2.883371],[107.383234,-2.882089],[107.381677,-2.880898],[107.379753,-2.87989],[107.377554,-2.879065],[107.375172,-2.878058],[107.372881,-2.877142],[107.371049,-2.876317],[107.370225,-2.875859],[107.369766,-2.875584],[107.369033,-2.874943],[107.368759,-2.874668],[107.368575,-2.874393],[107.368484,-2.873843],[107.368392,-2.87366],[107.368484,-2.873569],[107.368575,-2.873294],[107.368942,-2.87311],[107.369583,-2.872927],[107.372423,-2.872561],[107.377187,-2.872194],[107.381219,-2.871736],[107.382868,-2.871645],[107.384975,-2.871645],[107.386166,-2.871828],[107.387357,-2.872103],[107.389739,-2.872835],[107.391846,-2.873843],[107.39377,-2.874851],[107.395144,-2.875584],[107.396427,-2.876042],[107.396977,-2.876134],[107.398076,-2.875951],[107.398626,-2.875676],[107.40055,-2.874576],[107.400916,-2.874301],[107.401741,-2.873202],[107.402107,-2.872286],[107.510582,-2.843243],[107.510673,-2.84361],[107.510673,-2.843885],[107.51049,-2.844618],[107.510124,-2.84535],[107.509391,-2.846267],[107.509116,-2.846725],[107.508566,-2.847091],[107.5082,-2.847549],[107.507742,-2.847916],[107.506642,-2.84874],[107.505543,-2.84984],[107.504443,-2.851489],[107.503436,-2.853871],[107.502428,-2.856528],[107.501603,-2.859093],[107.500504,-2.862208],[107.500504,-2.863674],[107.50087,-2.864498],[107.501054,-2.864956],[107.501328,-2.865414],[107.501695,-2.866239],[107.501878,-2.86743],[107.501603,-2.868988],[107.501054,-2.871095],[107.499954,-2.874851],[107.499038,-2.878791],[107.49803,-2.884104],[107.497572,-2.88612],[107.497297,-2.886761],[107.497022,-2.887311],[107.496748,-2.887678],[107.496381,-2.887861],[107.495373,-2.88841],[107.493449,-2.899496],[107.492625,-2.900412],[107.491617,-2.901237],[107.490609,-2.902153],[107.48951,-2.902886],[107.487219,-2.904352],[107.485021,-2.90536],[107.482547,-2.906276],[107.477325,-2.907467],[107.472011,-2.908658],[107.469537,-2.909207],[107.467247,-2.90994],[107.463765,-2.911406],[107.462666,-2.911956],[107.461933,-2.912414],[107.461109,-2.912964],[107.458818,-2.915254],[107.457077,-2.916903],[107.456253,-2.917911],[107.455612,-2.918827],[107.455062,-2.919652],[107.454237,-2.920385],[107.453321,-2.920934],[107.45268,-2.921118],[107.436464,-2.93935],[107.438571,-2.939441],[107.440037,-2.939258],[107.440953,-2.938983],[107.441594,-2.938617],[107.442144,-2.938159],[107.442694,-2.937517],[107.444251,-2.93541],[107.445625,-2.932753],[107.447641,-2.929913],[107.448649,-2.928447],[107.448924,-2.927806],[107.446816,-2.927164],[107.445717,-2.926981],[107.444984,-2.92689],[107.443793,-2.926706],[107.442785,-2.92634],[107.442052,-2.926157],[107.435273,-2.939258],[107.434173,-2.938983],[107.433074,-2.938617],[107.431974,-2.938067],[107.431058,-2.937517],[107.429409,-2.935868],[107.428676,-2.93486],[107.426569,-2.931745],[107.425653,-2.930554],[107.425103,-2.929913],[107.42437,-2.92918],[107.422629,-2.927806],[107.417591,-2.925057],[107.415941,-2.923958],[107.415025,-2.92295],[107.413651,-2.921301],[107.412093,-2.919011],[107.410628,-2.916354],[107.408062,-2.91104],[107.40623,-2.907925],[107.405405,-2.907009],[107.405039,-2.906642],[107.403207,-2.905268],[107.402016,-2.904443],[107.400916,-2.903436],[107.398717,-2.901145],[107.39716,-2.899496]]}},{"type":"Feature","properties":{"type":"depth_contour","name":"","objl":30},"geometry":{"type":"LineString","coordinates":[[106.57665,-2.524911],[106.577443,-2.525708],[106.577733,-2.526796],[106.577443,-2.527885],[106.57665,-2.528681],[106.575568,-2.528962],[106.574486,-2.528681],[106.573694,-2.527885],[106.573404,-2.526796],[106.573694,-2.525708],[106.574486,-2.524911]]}},{"type":"Feature","properties":{"type":"depth_contour","name":"","objl":30},"geometry":{"type":"LineString","coordinates":[[107.105634,-2.905268],[107.104901,-2.905085],[107.104077,-2.904718],[107.102703,-2.903894],[107.101237,-2.902794],[107.099863,-2.901878],[107.098763,-2.90142],[107.09803,-2.901054],[107.097664,-2.900962],[107.097389,-2.90087],[107.096839,-2.90087],[107.096381,-2.900687],[107.095557,-2.900687],[107.094366,-2.90087],[107.092808,-2.901054],[107.090976,-2.901328],[107.088777,-2.901787],[107.085937,-2.902336],[107.08383,-2.902794],[107.082547,-2.902977],[107.081448,-2.902886],[107.080165,-2.902519],[107.078607,-2.901787],[107.077325,-2.901054],[107.075859,-2.899954],[107.072194,-2.896656],[107.044064,-2.871769],[107.045498,-2.874715],[107.109666,-2.898763],[107.109757,-2.895557],[107.109849,-2.893266],[107.110032,-2.8918],[107.110215,-2.890518],[107.110673,-2.88841],[107.111406,-2.885754],[107.112323,-2.882547],[107.113605,-2.877966],[107.114705,-2.874027],[107.115529,-2.871003],[107.115896,-2.868713],[107.116079,-2.867155],[107.116079,-2.865781],[107.115987,-2.86404],[107.115529,-2.858085],[107.115346,-2.855154],[107.115163,-2.852955],[107.114888,-2.851397],[107.114613,-2.850481],[107.114246,-2.849931],[107.11388,-2.849565],[107.113605,-2.84929],[107.11333,-2.849198],[107.112597,-2.849107],[107.111956,-2.84929],[107.111498,-2.84984],[107.111131,-2.850481],[107.110582,-2.850939],[107.110032,-2.851306],[107.109482,-2.851306],[107.108841,-2.850939],[107.108475,-2.850481],[107.108017,-2.849565],[107.10765,-2.848191],[107.1071,-2.844892],[107.106825,-2.843793],[107.106551,-2.843152],[107.106184,-2.84251],[107.105634,-2.841869],[107.10481,-2.841044],[107.103527,-2.840311],[107.101878,-2.839304],[107.100412,-2.838296],[107.098946,-2.83738],[107.097481,-2.836464],[107.096289,-2.835822],[107.095465,-2.835547],[107.094915,-2.835456],[107.09464,-2.835364],[107.094366,-2.835364],[107.094091,-2.835456],[107.093724,-2.835547],[107.093541,-2.835639],[107.093449,-2.835822],[107.109482,-2.901054],[107.109299,-2.902336],[107.109024,-2.903252],[107.108566,-2.904077],[107.1082,-2.904627],[107.10765,-2.904901],[107.106917,-2.905176]]}},{"type":"Feature","properties":{"type":"depth_contour","name":"","objl":30},"geometry":{"type":"LineString","coordinates":[[107.175996,-3.0306],[107.175813,-3.030783],[107.17508,-3.031241],[107.173706,-3.031883],[107.173065,-3.031974],[107.172515,-3.032066],[107.172057,-3.032066],[107.17169,-3.031974],[107.171415,-3.031791],[107.171141,-3.031516],[107.170683,-3.030783],[107.170408,-3.029775],[107.170499,-3.028676],[107.170683,-3.028126],[107.170957,-3.027577],[107.171782,-3.026569]]}},{"type":"Feature","properties":{"type":"depth_contour","name":"","objl":30},"geometry":{"type":"LineString","coordinates":[[107.189647,-3.02382],[107.188914,-3.023454],[107.188365,-3.023087],[107.187998,-3.022446],[107.187723,-3.021713],[107.187723,-3.020614],[107.187998,-3.019881],[107.188548,-3.019056],[107.189189,-3.018323],[107.190014,-3.017774],[107.191022,-3.017407],[107.191846,-3.017132],[107.192854,-3.016766],[107.190289,-3.024004],[107.191296,-3.024187],[107.192213,-3.024095],[107.193129,-3.023912],[107.19322,-3.023912]]}},{"type":"Feature","properties":{"type":"depth_contour","name":"","objl":30},"geometry":{"type":"LineString","coordinates":[[107.291892,-2.991754],[107.291434,-2.991571],[107.291067,-2.991296],[107.290701,-2.99093],[107.290151,-2.990289],[107.289876,-2.989464],[107.292442,-2.991754],[107.2929,-2.991571],[107.293358,-2.991205],[107.293633,-2.990838],[107.293724,-2.99038],[107.293907,-2.989647],[107.293907,-2.988914],[107.293541,-2.988273],[107.293083,-2.987723],[107.2918,-2.987082]]}},{"type":"Feature","properties":{"type":"depth_contour","name":"","objl":30},"geometry":{"type":"LineString","coordinates":[[107.410353,-3.03738],[107.410078,-3.037288],[107.409895,-3.03738],[107.409528,-3.037471],[107.408612,-3.037929],[107.408337,-3.038204],[107.408154,-3.038571],[107.408154,-3.038754],[107.408062,-3.039029],[107.407971,-3.039579],[107.407879,-3.04022],[107.407787,-3.041044],[107.407787,-3.042877],[107.407879,-3.044801],[107.407971,-3.045076],[107.408337,-3.045534],[107.408612,-3.045625],[107.409711,-3.045625],[107.409986,-3.045442],[107.410261,-3.045167],[107.410536,-3.044984],[107.410811,-3.044892],[107.411086,-3.044618],[107.411177,-3.044618],[107.411177,-3.044434],[107.411361,-3.043701],[107.410811,-3.037929],[107.410994,-3.038021],[107.411086,-3.038204],[107.411177,-3.038662],[107.411361,-3.040312]]}},{"type":"Feature","properties":{"type":"depth_contour","name":"","objl":30},"geometry":{"type":"LineString","coordinates":[[107.419881,-3.043884],[107.419789,-3.044068],[107.419514,-3.044434],[107.419148,-3.044984],[107.419056,-3.045076],[107.41814,-3.045534],[107.417682,-3.045717],[107.417132,-3.045992],[107.416674,-3.046083],[107.416491,-3.046083],[107.416216,-3.045992],[107.415941,-3.045809],[107.415758,-3.045625],[107.415667,-3.04535],[107.415483,-3.044984],[107.415392,-3.044618],[107.420339,-3.043243],[107.420614,-3.04251],[107.420889,-3.042144],[107.421072,-3.041777],[107.421164,-3.041411],[107.421438,-3.040861],[107.421438,-3.040678],[107.421255,-3.04022],[107.42098,-3.039945],[107.420797,-3.039579],[107.420431,-3.039304],[107.420247,-3.039121],[107.419973,-3.039029],[107.41924,-3.038937],[107.41814,-3.038937],[107.417316,-3.039029],[107.416674,-3.039212],[107.416308,-3.039304],[107.416033,-3.039487],[107.415667,-3.039762],[107.415392,-3.040037],[107.415117,-3.04022],[107.41475,-3.04077]]}},{"type":"Feature","properties":{"type":"depth_contour","name":"","objl":30},"geometry":{"type":"LineString","coordinates":[[107.365552,-2.856345],[107.365552,-2.855703],[107.365735,-2.856986],[107.365735,-2.858452],[107.365919,-2.85891],[107.366285,-2.859185],[107.366926,-2.859551],[107.367476,-2.859459],[107.368026,-2.859185],[107.368484,-2.85891],[107.369033,-2.85836],[107.369217,-2.857719],[107.369308,-2.857169],[107.369125,-2.856528],[107.36885,-2.855886],[107.368667,-2.855337],[107.367934,-2.854604],[107.367384,-2.85442],[107.366743,-2.85442],[107.366193,-2.854695],[107.365735,-2.855154]]}},{"type":"Feature","properties":{"type":"depth_contour","name":"","objl":30},"geometry":{"type":"LineString","coordinates":[[107.382868,-3.046908],[107.383051,-3.049198],[107.383142,-3.050115],[107.383234,-3.050389],[107.383509,-3.050939],[107.383967,-3.051122],[107.38415,-3.051031],[107.383692,-3.046358],[107.384059,-3.046267],[107.384333,-3.046267],[107.384425,-3.046358],[107.384517,-3.046541],[107.384517,-3.046725],[107.384608,-3.047091],[107.384792,-3.047274],[107.384792,-3.047549],[107.384883,-3.047824],[107.384975,-3.048191],[107.385066,-3.048465],[107.385066,-3.050023],[107.384883,-3.050206],[107.384792,-3.050481],[107.384608,-3.050573],[107.384333,-3.050756]]}},{"type":"Feature","properties":{"type":"depth_contour","name":"","objl":30},"geometry":{"type":"LineString","coordinates":[[107.514613,-2.866514],[107.514521,-2.866056],[107.514155,-2.865414],[107.51333,-2.863674],[107.512414,-2.862116],[107.511864,-2.860742],[107.511498,-2.860101],[107.511315,-2.859551],[107.511315,-2.858635],[107.511406,-2.858085],[107.51159,-2.857536],[107.511864,-2.856986],[107.512139,-2.856161],[107.513147,-2.85442],[107.514521,-2.85213],[107.516354,-2.849748],[107.518094,-2.847641],[107.519469,-2.8459],[107.520202,-2.845259],[107.520843,-2.844709],[107.522034,-2.843885],[107.523042,-2.843335],[107.523775,-2.842785],[107.524141,-2.842327],[107.525515,-2.84022],[107.526798,-2.838021],[107.527256,-2.837197],[107.527348,-2.836739],[107.527623,-2.83628],[107.521668,-2.857444],[107.519744,-2.860742],[107.518827,-2.862666],[107.518369,-2.863857],[107.518094,-2.864956],[107.518003,-2.865506],[107.517636,-2.865873],[107.517178,-2.866239],[107.516445,-2.866606],[107.515254,-2.866972]]}},{"type":"Feature","properties":{"type":"depth_contour","name":"","objl":30},"geometry":{"type":"LineString","coordinates":[[107.568301,-2.86688],[107.569858,-2.866056],[107.570224,-2.865873],[107.570591,-2.865506]]}},{"type":"Feature","properties":{"type":"depth_contour","name":"","objl":30},"geometry":{"type":"Point","coordinates":[107.507925,-2.936143]}},{"type":"Feature","properties":{"type":"depth_contour","name":"","objl":30},"geometry":{"type":"LineString","coordinates":[[107.453664,-2.960917],[107.452832,-2.959108],[107.451954,-2.957164],[107.451212,-2.954746],[107.450481,-2.952176],[107.450481,-2.951351],[107.450573,-2.949794]]}},{"type":"Feature","properties":{"type":"depth_contour","name":"","objl":30},"geometry":{"type":"LineString","coordinates":[[107.527623,-2.962712],[107.527623,-2.96262],[107.527348,-2.96262],[107.527256,-2.962529],[107.526706,-2.962804],[107.526248,-2.963353],[107.525882,-2.964178],[107.525424,-2.964911],[107.525332,-2.965827],[107.525332,-2.966743],[107.527897,-2.963262],[107.528172,-2.964544],[107.528722,-2.967476],[107.529546,-2.971324]]}},{"type":"Feature","properties":{"type":"depth_contour","name":"","objl":30},"geometry":{"type":"LineString","coordinates":[[107.54448,-2.98699],[107.544572,-2.987723],[107.544755,-2.988365],[107.545213,-2.989189],[107.545671,-2.989922],[107.546496,-2.991388],[107.547778,-2.99377],[107.548328,-2.994869],[107.548603,-2.995053],[107.548969,-2.995419],[107.549427,-2.995419],[107.54448,-2.984517],[107.544663,-2.982226],[107.544755,-2.980394],[107.544755,-2.979111],[107.544663,-2.977645],[107.544388,-2.975722],[107.544114,-2.974347],[107.543655,-2.972606],[107.542831,-2.969034],[107.542281,-2.967109],[107.54219,-2.966468],[107.542281,-2.965827],[107.542556,-2.965277],[107.542831,-2.964819],[107.543564,-2.964269],[107.544114,-2.963903],[107.544938,-2.963628],[107.547778,-2.962712],[107.553459,-2.961154],[107.554192,-2.961063],[107.554466,-2.961063],[107.554833,-2.961154],[107.555016,-2.961338],[107.555199,-2.961613],[107.555382,-2.962345],[107.555474,-2.962987]]}},{"type":"Feature","properties":{"type":"depth_contour","name":"","objl":30},"geometry":{"type":"LineString","coordinates":[[107.546954,-2.96088],[107.546221,-2.961154],[107.545671,-2.961338],[107.540724,-2.955016],[107.542006,-2.953917],[107.542464,-2.953733],[107.543106,-2.953642],[107.545121,-2.954008],[107.547687,-2.954924],[107.548603,-2.955474],[107.548969,-2.955749],[107.549336,-2.956299],[107.549427,-2.956665],[107.549427,-2.957398],[107.549153,-2.958314],[107.548786,-2.959047]]}},{"type":"Feature","properties":{"type":"depth_contour","name":"","objl":30},"geometry":{"type":"LineString","coordinates":[[107.554924,-2.954375],[107.554283,-2.954191],[107.553733,-2.953917],[107.553184,-2.953367],[107.552909,-2.952817],[107.552817,-2.952542],[107.552817,-2.951535],[107.552909,-2.950802],[107.553,-2.950344],[107.553367,-2.949977],[107.553459,-2.949611],[107.553733,-2.949427],[107.554283,-2.949152],[107.554741,-2.949061],[107.555749,-2.949244],[107.556757,-2.949702],[107.557673,-2.950618],[107.558131,-2.951168]]}},{"type":"Feature","properties":{"type":"depth_contour","name":"","objl":30},"geometry":{"type":"LineString","coordinates":[[107.52295,-3.039029],[107.521942,-3.039579],[107.520751,-3.039945],[107.520568,-3.039945],[107.520293,-3.040037],[107.520202,-3.040037],[107.520018,-3.039945],[107.519194,-3.039762],[107.518278,-3.039395],[107.517453,-3.038846],[107.516628,-3.038204],[107.515987,-3.037471],[107.515071,-3.036372],[107.514521,-3.035273],[107.514246,-3.034173],[107.516812,-3.018873],[107.516445,-3.018232],[107.51617,-3.017865],[107.515987,-3.017865],[107.515804,-3.020064],[107.515346,-3.021622],[107.514613,-3.02437],[107.514063,-3.026661],[107.51388,-3.027119],[107.513788,-3.027668],[107.513972,-3.030692],[107.51727,-3.019789],[107.518369,-3.021896],[107.518827,-3.022813],[107.519285,-3.023454],[107.519652,-3.02382],[107.520018,-3.024004],[107.520385,-3.024004],[107.520751,-3.02382],[107.521118,-3.023362],[107.521668,-3.022721],[107.522126,-3.021896],[107.522584,-3.02098],[107.5235,-3.01924],[107.524141,-3.01814],[107.524599,-3.017682],[107.525149,-3.017499],[107.525607,-3.01759],[107.525973,-3.017774],[107.526432,-3.01814],[107.526523,-3.018415],[107.526615,-3.018873],[107.526798,-3.020247],[107.526981,-3.022263],[107.527073,-3.02547],[107.527164,-3.028126],[107.526981,-3.031241],[107.526523,-3.032616],[107.525882,-3.034356],[107.524324,-3.03738],[107.523591,-3.038387],[107.523225,-3.038662]]}},{"type":"Feature","properties":{"type":"depth_contour","name":"","objl":30},"geometry":{"type":"LineString","coordinates":[[107.584517,-3.042693],[107.584059,-3.042419]]}},{"type":"Feature","properties":{"type":"depth_contour","name":"","objl":30},"geometry":{"type":"Point","coordinates":[108.324691,-3.054329]}},{"type":"Feature","properties":{"type":"depth_contour","name":"","objl":30},"geometry":{"type":"LineString","coordinates":[[108.423087,-2.81301],[108.422171,-2.815025],[108.421988,-2.816399],[108.421988,-2.817224],[108.422171,-2.817865],[108.422629,-2.818049],[108.423087,-2.818507],[108.423729,-2.810994],[108.424828,-2.810536],[108.426752,-2.811635],[108.427577,-2.8153],[108.427577,-2.817224],[108.427302,-2.818049],[108.426752,-2.818507]]}},{"type":"Feature","properties":{"type":"depth_contour","name":"","objl":30},"geometry":{"type":"LineString","coordinates":[[108.440312,-2.795786],[108.439762,-2.795877],[108.439395,-2.795694],[108.438937,-2.795419],[108.438571,-2.795053],[108.438113,-2.794503],[108.437838,-2.79377],[108.437563,-2.793129],[108.43738,-2.792579],[108.437196,-2.792121],[108.437105,-2.79148],[108.437288,-2.79093],[108.44077,-2.795511],[108.441044,-2.795144],[108.441228,-2.794686],[108.441044,-2.793587],[108.440861,-2.793312],[108.440495,-2.792396],[108.44022,-2.791755],[108.439945,-2.79093],[108.43967,-2.790472],[108.439304,-2.790105],[108.438754,-2.789922],[108.438204,-2.789922],[108.437838,-2.790105],[108.437471,-2.790472]]}},{"type":"Feature","properties":{"type":"depth_contour","name":"","objl":30},"geometry":{"type":"LineString","coordinates":[[107.873843,-3.117545],[107.875492,-3.120476],[107.877508,-3.124691],[107.878608,-3.126615],[107.879065,-3.127164],[107.880623,-3.126065],[107.881356,-3.125699],[107.881722,-3.125424],[107.881814,-3.124874],[107.881906,-3.124507],[107.881814,-3.124049],[107.881631,-3.123225],[107.881356,-3.121484],[107.881539,-3.119285],[107.881722,-3.118003],[107.882089,-3.116812],[107.882455,-3.115896],[107.882547,-3.115529],[107.882822,-3.115254],[107.884196,-3.113605],[107.885204,-3.112414],[107.885937,-3.111315],[107.886212,-3.110399],[107.886395,-3.109666],[107.886395,-3.108933],[107.886212,-3.108383],[107.886028,-3.107742],[107.885662,-3.107284],[107.885021,-3.106734],[107.883921,-3.106092],[107.881722,-3.104718],[107.880715,-3.10426],[107.87934,-3.103894],[107.876409,-3.103161],[107.875218,-3.102794],[107.874027,-3.102245],[107.872927,-3.101695],[107.871919,-3.101329],[107.870545,-3.101054],[107.870179,-3.101145],[107.869263,-3.10142],[107.868438,-3.101878],[107.86798,-3.102245],[107.867613,-3.102611],[107.867064,-3.103619],[107.866972,-3.104169],[107.86688,-3.104901],[107.866972,-3.105543],[107.866972,-3.105726],[107.867064,-3.106367],[107.867613,-3.108017],[107.86853,-3.109666],[107.871186,-3.113513],[107.871278,-3.113605]]}},{"type":"Feature","properties":{"type":"depth_contour","name":"","objl":30},"geometry":{"type":"LineString","coordinates":[[108.466514,-3.333211],[108.467064,-3.333944],[108.46798,-3.335593],[108.468713,-3.336968],[108.468804,-3.337426],[108.469079,-3.337792],[108.469171,-3.33825],[108.468988,-3.338708],[108.46853,-3.338983],[108.468163,-3.339075],[108.46743,-3.338983],[108.46688,-3.338617],[108.466422,-3.338067],[108.466056,-3.337517],[108.465323,-3.336876],[108.464773,-3.336051],[108.464315,-3.33541],[108.464132,-3.33486],[108.463949,-3.334402],[108.463857,-3.333852],[108.46404,-3.333303],[108.464315,-3.332845],[108.464773,-3.33257],[108.465231,-3.332478],[108.465598,-3.33257]]}},{"type":"Feature","properties":{"type":"depth_contour","name":"","objl":30},"geometry":{"type":"Point","coordinates":[108.462758,-3.325973]}},{"type":"Feature","properties":{"type":"depth_contour","name":"","objl":30},"geometry":{"type":"LineString","coordinates":[[108.413926,-3.289693],[108.417316,-3.287128],[108.419056,-3.285845],[108.419606,-3.285662],[108.419973,-3.285662],[108.420247,-3.286212],[108.420247,-3.287128],[108.419881,-3.28841],[108.419423,-3.289968],[108.418323,-3.293083],[108.417407,-3.296564],[108.416858,-3.29803],[108.416583,-3.29858],[108.416125,-3.299038],[108.415575,-3.299405],[108.414934,-3.299771],[108.413193,-3.300321],[108.409437,-3.301328]]}},{"type":"Feature","properties":{"type":"depth_contour","name":"","objl":30},"geometry":{"type":"LineString","coordinates":[[108.298855,-3.225103],[108.298122,-3.224828],[108.297572,-3.22437],[108.297206,-3.223912],[108.296931,-3.223271],[108.296656,-3.222538],[108.296473,-3.221805],[108.29629,-3.220247],[108.296381,-3.218781],[108.296473,-3.217865],[108.297114,-3.216583],[108.310857,-3.210811],[108.31104,-3.211177],[108.311315,-3.212277],[108.311406,-3.213742],[108.311223,-3.215209],[108.310582,-3.216858],[108.309391,-3.21869],[108.308108,-3.220522],[108.306917,-3.221805],[108.306001,-3.222629],[108.305726,-3.223179],[108.30536,-3.223546],[108.304627,-3.224187],[108.304169,-3.224462],[108.303527,-3.224737],[108.30197,-3.225195],[108.300229,-3.225378],[108.299496,-3.225286],[108.306184,-3.209528],[108.307925,-3.209437],[108.309299,-3.20962],[108.30994,-3.209895],[108.304077,-3.209895],[108.30371,-3.210078],[108.302245,-3.210628],[108.301054,-3.211269],[108.299954,-3.212185],[108.299496,-3.212826]]}},{"type":"Feature","properties":{"type":"depth_contour","name":"","objl":30},"geometry":{"type":"LineString","coordinates":[[108.214201,-3.222446],[108.215025,-3.22208],[108.216399,-3.22153],[108.219515,-3.220522],[108.220889,-3.220156],[108.222538,-3.220064],[108.223179,-3.220064],[108.223729,-3.220247],[108.224187,-3.220431],[108.224278,-3.220706],[108.224187,-3.22153],[108.223729,-3.222538],[108.221164,-3.226111],[108.220614,-3.226844],[108.219972,-3.227668],[108.219331,-3.228401],[108.218415,-3.229043],[108.217499,-3.229226],[108.216491,-3.229318],[108.215575,-3.229226],[108.213651,-3.229226],[108.21301,-3.228951],[108.212552,-3.228676],[108.212185,-3.22831],[108.212002,-3.227852],[108.21191,-3.227577],[108.212093,-3.226844],[108.212552,-3.226294],[108.213468,-3.22492],[108.213651,-3.224462],[108.213651,-3.224004],[108.213559,-3.223271]]}},{"type":"Feature","properties":{"type":"depth_contour","name":"","objl":30},"geometry":{"type":"LineString","coordinates":[[108.228584,-3.201099],[108.229409,-3.201191],[108.229684,-3.201374],[108.229684,-3.201924],[108.229501,-3.202382],[108.228768,-3.203481],[108.227577,-3.204673],[108.225836,-3.206047],[108.223362,-3.207787],[108.219972,-3.209895],[108.218965,-3.210628],[108.216858,-3.211635],[108.214017,-3.213101],[108.212002,-3.213559],[108.209528,-3.213926],[108.209345,-3.213926],[108.20907,-3.213651],[108.20907,-3.212643],[108.209253,-3.212093],[108.20962,-3.211452],[108.227668,-3.201557],[108.226202,-3.202199],[108.223912,-3.203023],[108.221255,-3.203756],[108.219056,-3.204123],[108.217224,-3.204398],[108.216125,-3.204764],[108.2153,-3.205314],[108.21475,-3.206138],[108.214017,-3.207329],[108.213193,-3.207971],[108.212185,-3.208612]]}},{"type":"Feature","properties":{"type":"depth_contour","name":"","objl":30},"geometry":{"type":"LineString","coordinates":[[108.210078,-3.190747],[108.209895,-3.191113],[108.20962,-3.191388],[108.209253,-3.191571],[108.208887,-3.191846],[108.208246,-3.192304],[108.207421,-3.192671],[108.206505,-3.192854],[108.204856,-3.192671],[108.204306,-3.192396],[108.203848,-3.192121],[108.203481,-3.191663],[108.203298,-3.191022],[108.203298,-3.190472],[108.203481,-3.190014],[108.203848,-3.189556],[108.209986,-3.190197],[108.209803,-3.190014],[108.209528,-3.189922],[108.209345,-3.190105],[108.209253,-3.190105],[108.20907,-3.190197],[108.208795,-3.190289],[108.208704,-3.190289],[108.20852,-3.190197],[108.207238,-3.190014],[108.206871,-3.189922],[108.206596,-3.189922],[108.206047,-3.189739],[108.205589,-3.189464],[108.205039,-3.189281],[108.204489,-3.189281]]}},{"type":"Feature","properties":{"type":"depth_contour","name":"","objl":30},"geometry":{"type":"LineString","coordinates":[[108.216583,-3.17169],[108.216033,-3.17224],[108.215392,-3.172698],[108.213926,-3.173523],[108.210994,-3.174805],[108.208429,-3.17563],[108.207238,-3.175813],[108.206413,-3.175721],[108.205772,-3.175355],[108.205314,-3.174805],[108.205314,-3.17453],[108.20513,-3.173523],[108.205039,-3.172607],[108.205222,-3.171965],[108.205314,-3.171232],[108.205589,-3.170591],[108.217316,-3.170682],[108.217407,-3.170224],[108.217407,-3.169766],[108.217041,-3.1694],[108.216583,-3.169033],[108.215941,-3.168759],[108.215208,-3.168575],[108.214934,-3.168575],[108.213651,-3.168484],[108.212552,-3.168484],[108.211452,-3.1683],[108.210353,-3.1683],[108.20907,-3.168484],[108.207971,-3.16885],[108.207238,-3.169125],[108.206596,-3.169491],[108.206047,-3.16995]]}},{"type":"Feature","properties":{"type":"depth_contour","name":"","objl":30},"geometry":{"type":"LineString","coordinates":[[108.230142,-3.172607],[108.229867,-3.172332],[108.229592,-3.172148],[108.229043,-3.171965],[108.227943,-3.172148],[108.225011,-3.172148],[108.230142,-3.172973],[108.229959,-3.173431],[108.229684,-3.174256],[108.229409,-3.174805],[108.229134,-3.175172],[108.228768,-3.17563],[108.228218,-3.175905],[108.228127,-3.175905],[108.226569,-3.176088],[108.224828,-3.176179],[108.22437,-3.176179],[108.223729,-3.176088],[108.223179,-3.17563],[108.222904,-3.175263],[108.222813,-3.174805],[108.222629,-3.174256],[108.222721,-3.173706],[108.222996,-3.173156],[108.22382,-3.172423],[108.22437,-3.17224]]}},{"type":"Feature","properties":{"type":"depth_contour","name":"","objl":30},"geometry":{"type":"LineString","coordinates":[[108.151534,-3.181951],[108.151809,-3.181585],[108.152267,-3.18131],[108.152634,-3.181218],[108.153642,-3.181218],[108.154375,-3.181585],[108.15465,-3.181951]]}},{"type":"Feature","properties":{"type":"depth_contour","name":"","objl":30},"geometry":{"type":"LineString","coordinates":[[108.182959,-3.170957],[108.183143,-3.171049],[108.183326,-3.171324],[108.183417,-3.171507],[108.183509,-3.171874],[108.183509,-3.173156],[108.183326,-3.173614],[108.183234,-3.173798],[108.183051,-3.173981],[108.182776,-3.174072],[108.182501,-3.174072],[108.182226,-3.174256],[108.181951,-3.174256],[108.181677,-3.174164],[108.181402,-3.173981],[108.181127,-3.173889],[108.181035,-3.173798],[108.180944,-3.173706],[108.18076,-3.173431],[108.180669,-3.173065],[108.180577,-3.17279],[108.180669,-3.172607],[108.180669,-3.172332],[108.18076,-3.172148],[108.18131,-3.171599]]}},{"type":"Feature","properties":{"type":"depth_contour","name":"","objl":30},"geometry":{"type":"LineString","coordinates":[[107.981768,-3.259185],[107.982043,-3.259093],[107.983142,-3.25891],[107.983417,-3.259001],[107.983784,-3.259185],[107.98415,-3.25946],[107.984425,-3.259734],[107.984608,-3.260009],[107.9847,-3.260559],[107.984883,-3.2612],[107.984883,-3.261567],[107.985066,-3.2623],[107.985158,-3.262574],[107.98525,-3.263033],[107.985158,-3.263399],[107.985158,-3.263674],[107.984975,-3.26404],[107.984608,-3.26459],[107.984059,-3.264956],[107.983692,-3.265048],[107.983417,-3.26514],[107.983142,-3.265048],[107.982684,-3.264773],[107.982318,-3.264498],[107.982043,-3.264224],[107.981768,-3.263857],[107.981585,-3.263033],[107.981585,-3.262208],[107.981493,-3.261292],[107.981402,-3.260284]]}},{"type":"Feature","properties":{"type":"depth_contour","name":"","objl":30},"geometry":{"type":"LineString","coordinates":[[107.78754,-3.247824],[107.787723,-3.247366],[107.787998,-3.246999],[107.788273,-3.246816],[107.788823,-3.246725],[107.789189,-3.246908],[107.789464,-3.247183],[107.789739,-3.247641],[107.789739,-3.248007],[107.789647,-3.248374],[107.789464,-3.24874],[107.789189,-3.248924],[107.788731,-3.249015],[107.788273,-3.249015],[107.787723,-3.248465]]}},{"type":"Feature","properties":{"type":"depth_contour","name":"","objl":30},"geometry":{"type":"LineString","coordinates":[[107.777096,-3.248649],[107.776729,-3.248465],[107.776454,-3.248282],[107.776271,-3.247824],[107.776454,-3.247366],[107.776729,-3.247091],[107.777004,-3.246999],[107.777645,-3.246999],[107.778012,-3.247091],[107.778287,-3.247366],[107.778378,-3.247733],[107.778287,-3.248099],[107.778012,-3.248374],[107.777645,-3.248557]]}},{"type":"Feature","properties":{"type":"depth_contour","name":"","objl":30},"geometry":{"type":"LineString","coordinates":[[107.75126,-3.262208],[107.751168,-3.261842],[107.751168,-3.261567],[107.751535,-3.261017],[107.752084,-3.260467],[107.752726,-3.260101],[107.753367,-3.260009],[107.753825,-3.260009],[107.754192,-3.260192],[107.754466,-3.260467],[107.754558,-3.26065],[107.754558,-3.26175],[107.754375,-3.262483],[107.753733,-3.263033],[107.752634,-3.263033]]}},{"type":"Feature","properties":{"type":"depth_contour","name":"","objl":30},"geometry":{"type":"LineString","coordinates":[[107.587632,-3.233257],[107.587815,-3.233532],[107.588181,-3.233807],[107.587907,-3.231608],[107.588456,-3.230692],[107.589372,-3.23005],[107.589831,-3.23005],[107.59038,-3.230234],[107.590747,-3.230508],[107.591205,-3.230875],[107.591571,-3.231425],[107.591663,-3.231974],[107.591663,-3.232616],[107.591113,-3.233165],[107.589831,-3.233532]]}},{"type":"Feature","properties":{"type":"depth_contour","name":"","objl":30},"geometry":{"type":"Point","coordinates":[124.571545,-3.215392]}},{"type":"Feature","properties":{"type":"depth_contour","name":"","objl":30},"geometry":{"type":"LineString","coordinates":[[105.623271,-2.407513],[105.624462,-2.409345],[105.625836,-2.414292],[105.626477,-2.425836],[105.627119,-2.437471],[105.627577,-2.443793],[105.627393,-2.455337],[105.627119,-2.463857],[105.626569,-2.471003],[105.624279,-2.482639],[105.622446,-2.491525],[105.619056,-2.503161],[105.615667,-2.514705],[105.61475,-2.51727],[105.613559,-2.523866],[105.612643,-2.535502],[105.611727,-2.547045],[105.611635,-2.547595],[105.612552,-2.55923],[105.613468,-2.570774],[105.614017,-2.577737],[105.61585,-2.589281],[105.616857,-2.595419],[105.62208,-2.607054],[105.624004,-2.611177],[105.627852,-2.616766],[105.629226,-2.620889],[105.628859,-2.627943],[105.627485,-2.632249],[105.62831,-2.635456],[105.635639,-2.641044],[106.088227,-2.706093],[106.089876,-3.159963],[106.093449,-3.165735],[106.096381,-3.170591],[106.099313,-3.176363],[106.102336,-3.182135],[106.102794,-3.183143],[106.104627,-3.188914],[106.107742,-3.200458],[106.108475,-3.203573],[106.110765,-3.208795],[106.112139,-3.21475],[106.112506,-3.216308],[106.112323,-3.216583],[106.112231,-3.216858],[106.112597,-3.217865],[106.112781,-3.21869],[106.11333,-3.222721],[106.113055,-3.224828],[106.111956,-3.227485],[106.110032,-3.231608],[106.107742,-3.234998],[106.103802,-3.240586],[106.100962,-3.243793],[106.095282,-3.249382],[106.093266,-3.251397],[106.091251,-3.252863],[106.088044,-3.255153],[106.082364,-3.25836],[106.081539,-3.259001],[106.075767,-3.262666],[106.069995,-3.266239],[106.068804,-3.267155],[106.063033,-3.270453],[106.059917,-3.272194],[106.054054,-3.274668],[106.05268,-3.275309],[106.047458,-3.278058],[106.041777,-3.281814],[106.039945,-3.283097],[106.034173,-3.286303],[106.031791,-3.287678],[106.026294,-3.291434],[106.026111,-3.291434],[106.021438,-3.294366],[106.019148,-3.29574],[106.016949,-3.297114],[106.015392,-3.298213],[106.013834,-3.299405],[106.01191,-3.301054],[106.011727,-3.301145],[106.011177,-3.301328]]}},{"type":"Feature","properties":{"type":"depth_contour","name":"","objl":30},"geometry":{"type":"LineString","coordinates":[[106.351993,-2.200825],[106.351993,-2.202199],[106.349977,-2.199175],[106.349244,-2.199908],[106.349702,-2.20284]]}},{"type":"Feature","properties":{"type":"mooring","name":"","objl":75},"geometry":{"type":"Point","coordinates":[103.517087,-0.102153]}},{"type":"Feature","properties":{"type":"pipeline","name":"","objl":86},"geometry":{"type":"LineString","coordinates":[[107.93267,-2.494656],[107.928786,-2.495576],[107.925761,-2.495172],[107.922663,-2.493832],[107.920265,-2.492026],[107.918099,-2.490456],[107.916169,-2.488106],[107.915947,-2.485685],[107.916653,-2.483971],[107.917978,-2.482572],[107.921007,-2.481961],[107.923955,-2.48213],[107.926983,-2.481909],[107.929624,-2.481218],[107.932807,-2.48092],[107.935289,-2.481321],[107.937375,-2.48336],[107.938058,-2.486953],[107.937424,-2.489838]]}},{"type":"Feature","properties":{"type":"pipeline","name":"","objl":86},"geometry":{"type":"LineString","coordinates":[[108.347482,-3.038891],[108.341827,-3.040008],[108.3371,-3.039902],[108.334779,-3.037925],[108.334612,-3.035317],[108.335348,-3.032617],[108.336962,-3.030955],[108.341757,-3.028007],[108.345857,-3.025949],[108.349479,-3.025125],[108.353173,-3.026114],[108.355033,-3.028534],[108.355272,-3.032954],[108.35364,-3.035408]]}},{"type":"Feature","properties":{"type":"pipeline","name":"","objl":86},"geometry":{"type":"LineString","coordinates":[[108.326483,-3.169018],[108.334572,-3.163917],[108.340088,-3.160398],[108.393262,-3.14119],[108.396437,-3.145092]]}},{"type":"Feature","properties":{"type":"depth_contour","name":"","objl":30},"geometry":{"type":"LineString","coordinates":[[110.114338,-2.875126],[110.114338,-2.87476],[110.11443,-2.874485],[110.114613,-2.87421],[110.114888,-2.874027]]}},{"type":"Feature","properties":{"type":"depth_contour","name":"","objl":30},"geometry":{"type":"LineString","coordinates":[[110.115987,-2.878149],[110.116262,-2.878607],[110.116262,-2.879432],[110.116079,-2.879615],[110.115804,-2.879799],[110.115529,-2.879799],[110.115071,-2.879707],[110.114705,-2.879432],[110.114338,-2.879065],[110.11443,-2.878607],[110.114705,-2.877874],[110.114979,-2.877691],[110.115346,-2.877691],[110.115621,-2.877783]]}},{"type":"Feature","properties":{"type":"depth_contour","name":"","objl":30},"geometry":{"type":"LineString","coordinates":[[110.19148,-2.84022],[110.191755,-2.840678],[110.191755,-2.841503],[110.191571,-2.841777],[110.191296,-2.841961],[110.191022,-2.841961],[110.190563,-2.841869],[110.18983,-2.841136],[110.189922,-2.840678],[110.190197,-2.839945],[110.190472,-2.839762],[110.190838,-2.839762],[110.191113,-2.839853]]}},{"type":"Feature","properties":{"type":"depth_contour","name":"","objl":30},"geometry":{"type":"LineString","coordinates":[[110.141273,-2.675584],[110.140815,-2.675034],[110.140724,-2.674668],[110.140724,-2.674485],[110.140907,-2.67421],[110.141182,-2.674027],[110.141732,-2.67421],[110.141823,-2.674576],[110.141823,-2.675034],[110.141732,-2.675401]]}},{"type":"Feature","properties":{"type":"depth_contour","name":"","objl":30},"geometry":{"type":"LineString","coordinates":[[110.12863,-2.672561],[110.128997,-2.672469],[110.129272,-2.672561],[110.129638,-2.67311],[110.129547,-2.673568],[110.129455,-2.673843],[110.129272,-2.674118],[110.128814,-2.674118],[110.128539,-2.673843],[110.128447,-2.673568]]}},{"type":"Feature","properties":{"type":"depth_contour","name":"","objl":30},"geometry":{"type":"LineString","coordinates":[[110.113147,-2.672744],[110.113605,-2.672836],[110.11388,-2.67311],[110.113972,-2.673568],[110.113972,-2.673935],[110.113788,-2.67421]]}},{"type":"Feature","properties":{"type":"depth_contour","name":"","objl":30},"geometry":{"type":"LineString","coordinates":[[110.104352,-2.67366],[110.104718,-2.673568],[110.105176,-2.673752],[110.10536,-2.674118],[110.10536,-2.674668],[110.105176,-2.675126],[110.104718,-2.675309],[110.104443,-2.675126],[110.10426,-2.674851],[110.104077,-2.674393]]}},{"type":"Feature","properties":{"type":"depth_contour","name":"","objl":30},"geometry":{"type":"LineString","coordinates":[[110.141457,-2.703527],[110.141273,-2.703436],[110.141273,-2.703252],[110.140999,-2.702703],[110.140907,-2.702611],[110.140999,-2.702153],[110.141273,-2.70197],[110.141548,-2.701878],[110.142098,-2.702245],[110.142098,-2.703069],[110.141915,-2.703436]]}},{"type":"Feature","properties":{"type":"depth_contour","name":"","objl":30},"geometry":{"type":"LineString","coordinates":[[110.024187,-1.431608],[110.024462,-1.430967],[110.02492,-1.430508],[110.025378,-1.430325],[110.025744,-1.430417],[110.025836,-1.4306],[110.025561,-1.431241],[110.024737,-1.432432]]}},{"type":"Feature","properties":{"type":"depth_contour","name":"","objl":30},"geometry":{"type":"LineString","coordinates":[[110.037288,-1.433898],[110.038296,-1.43454],[110.038662,-1.435456],[110.038387,-1.436464],[110.037655,-1.437196],[110.037197,-1.437563],[110.036097,-1.43793]]}},{"type":"Feature","properties":{"type":"depth_contour","name":"","objl":30},"geometry":{"type":"LineString","coordinates":[[110.040678,-1.441686],[110.041686,-1.441961],[110.042327,-1.442327],[110.042785,-1.442785],[110.043426,-1.443885],[110.043426,-1.444709],[110.043152,-1.445076],[110.042602,-1.445259],[110.041777,-1.445442],[110.041503,-1.445442],[110.040953,-1.444892],[110.040678,-1.444159],[110.040312,-1.44306]]}},{"type":"Feature","properties":{"type":"depth_contour","name":"","objl":30},"geometry":{"type":"LineString","coordinates":[[109.955932,-1.247458],[109.956115,-1.248099],[109.956207,-1.248374],[109.956115,-1.24874],[109.955749,-1.248924],[109.955657,-1.248924],[109.955382,-1.249015],[109.954924,-1.249015],[109.95465,-1.248649],[109.95465,-1.248374],[109.954924,-1.247366],[109.955108,-1.247091],[109.955382,-1.246816],[109.955749,-1.247]]}},{"type":"Feature","properties":{"type":"depth_contour","name":"","objl":30},"geometry":{"type":"LineString","coordinates":[[109.967201,-1.263582],[109.967476,-1.264223],[109.968026,-1.265873],[109.968209,-1.266789],[109.968117,-1.267247],[109.967751,-1.267613],[109.967476,-1.267797],[109.96711,-1.267797],[109.966285,-1.267705],[109.965827,-1.267613],[109.96546,-1.267339],[109.965186,-1.266697],[109.965186,-1.266239],[109.96546,-1.265598],[109.966102,-1.264315]]}},{"type":"Feature","properties":{"type":"depth_contour","name":"","objl":30},"geometry":{"type":"Point","coordinates":[109.962987,-1.238754]}},{"type":"Feature","properties":{"type":"depth_contour","name":"","objl":30},"geometry":{"type":"LineString","coordinates":[[109.996885,-1.280623],[109.996885,-1.280806],[109.996977,-1.281264],[109.996793,-1.281539]]}},{"type":"Feature","properties":{"type":"depth_contour","name":"","objl":30},"geometry":{"type":"LineString","coordinates":[[110.053321,-1.312506],[110.053321,-1.313055],[110.05323,-1.313422],[110.052863,-1.313788],[110.05268,-1.31388],[110.052222,-1.313788],[110.051672,-1.313697],[110.051489,-1.313605],[110.05158,-1.31333],[110.051855,-1.313055],[110.052405,-1.312597]]}},{"type":"Feature","properties":{"type":"depth_contour","name":"","objl":30},"geometry":{"type":"LineString","coordinates":[[110.026111,-1.281997],[110.026019,-1.282364],[110.025653,-1.28273],[110.025469,-1.282822],[110.025011,-1.28273],[110.024462,-1.282639],[110.024278,-1.282547],[110.02437,-1.282272],[110.024645,-1.281997],[110.025195,-1.281539],[110.025653,-1.281264],[110.025928,-1.281173],[110.026111,-1.281356]]}},{"type":"Feature","properties":{"type":"Superbuoy","name":"","objl":121},"geometry":{"type":"Polygon","coordinates":[[[108.775722,-3.651305],[108.775905,-3.651855],[108.775996,-3.652496],[108.775996,-3.65323],[108.775905,-3.653321],[108.775722,-3.653688],[108.775355,-3.653871],[108.774805,-3.653779],[108.774439,-3.653504],[108.774256,-3.653046],[108.773981,-3.652588],[108.773798,-3.652222],[108.773339,-3.651214],[108.772973,-3.650206],[108.772606,-3.64929],[108.772332,-3.648465],[108.772148,-3.648099],[108.772057,-3.647824],[108.771965,-3.647458],[108.772148,-3.647091],[108.772423,-3.646816],[108.773156,-3.646816],[108.773523,-3.647091],[108.773889,-3.647458],[108.774439,-3.648557],[108.775722,-3.651305]]]}},{"type":"Feature","properties":{"type":"depth_contour","name":"","objl":30},"geometry":{"type":"LineString","coordinates":[[108.487861,-3.310857],[108.487952,-3.311132],[108.488136,-3.311406],[108.488227,-3.31159],[108.488227,-3.311773],[108.488044,-3.312048],[108.487769,-3.312139],[108.487403,-3.312048],[108.487036,-3.311773],[108.486761,-3.311498],[108.486761,-3.310948],[108.487128,-3.310582],[108.487403,-3.310582]]}},{"type":"Feature","properties":{"type":"depth_contour","name":"","objl":30},"geometry":{"type":"LineString","coordinates":[[108.481997,-3.314155],[108.481814,-3.31388],[108.481631,-3.31333],[108.481722,-3.313147],[108.481814,-3.313055],[108.482089,-3.312964]]}},{"type":"Feature","properties":{"type":"depth_contour","name":"","objl":30},"geometry":{"type":"LineString","coordinates":[[108.48273,-3.323225],[108.482913,-3.323225],[108.483097,-3.323317],[108.483372,-3.323591]]}},{"type":"Feature","properties":{"type":"Superbuoy","name":"","objl":121},"geometry":{"type":"Polygon","coordinates":[[[108.423271,-2.808429],[108.423454,-2.807879],[108.423729,-2.810994],[108.424828,-2.810536],[108.426752,-2.811635],[108.427577,-2.8153],[108.427577,-2.817224],[108.427302,-2.818049],[108.426752,-2.818507],[108.423271,-2.808429]]]}},{"type":"Feature","properties":{"type":"Superbuoy","name":"","objl":121},"geometry":{"type":"Polygon","coordinates":[[[107.24645,-3.296381],[107.247,-3.296656],[107.248282,-3.297023],[107.249382,-3.29748],[107.24645,-3.296381]]]}},{"type":"Feature","properties":{"type":"Superbuoy","name":"","objl":121},"geometry":{"type":"Polygon","coordinates":[[[107.246175,-3.309574],[107.246358,-3.310398],[107.24645,-3.310673],[107.24645,-3.310948],[107.246358,-3.31104],[107.246358,-3.311315],[107.246175,-3.312048],[107.245809,-3.312689],[107.245442,-3.313147],[107.244892,-3.313422],[107.244434,-3.313514],[107.243976,-3.313514],[107.243701,-3.313422],[107.243243,-3.312964],[107.243243,-3.312689],[107.243152,-3.312597],[107.243152,-3.310948],[107.243426,-3.309482],[107.243426,-3.309391],[107.243701,-3.309024],[107.246175,-3.309574]]]}},{"type":"Feature","properties":{"type":"Superbuoy","name":"","objl":121},"geometry":{"type":"Polygon","coordinates":[[[107.237563,-3.321393],[107.236555,-3.322217],[107.235273,-3.322492],[107.23399,-3.322675],[107.232982,-3.322492],[107.231974,-3.322217],[107.23115,-3.321667],[107.230325,-3.321026],[107.229776,-3.320202],[107.229134,-3.319102],[107.228768,-3.31782],[107.228859,-3.316812],[107.229317,-3.315804],[107.229867,-3.314979],[107.230508,-3.314246],[107.230967,-3.31333],[107.23115,-3.312597],[107.231241,-3.311864],[107.231241,-3.31159],[107.231333,-3.311223],[107.231608,-3.31049],[107.232066,-3.310032],[107.233165,-3.309849],[107.234082,-3.309849],[107.234814,-3.310124],[107.235547,-3.310582],[107.236097,-3.311132],[107.236647,-3.311773],[107.237196,-3.312597],[107.237655,-3.31333],[107.238296,-3.31443],[107.238754,-3.315437],[107.239029,-3.316537],[107.23912,-3.317545],[107.239029,-3.318553],[107.238754,-3.319469],[107.238296,-3.320476],[107.237838,-3.321118],[107.237563,-3.321393]]]}},{"type":"Feature","properties":{"type":"depth_contour","name":"","objl":30},"geometry":{"type":"LineString","coordinates":[[107.612551,-2.821163],[107.612551,-2.820797],[107.61246,-2.820614],[107.612551,-2.820247],[107.612643,-2.820064],[107.612826,-2.819881],[107.613284,-2.819789],[107.613559,-2.819973],[107.613743,-2.820339],[107.613651,-2.820797],[107.613559,-2.82098],[107.613284,-2.821255]]}},{"type":"Feature","properties":{"type":"depth_contour","name":"","objl":30},"geometry":{"type":"LineString","coordinates":[[107.613284,-2.825103],[107.613193,-2.824737],[107.613193,-2.824553],[107.613284,-2.824187],[107.613376,-2.824095],[107.613651,-2.823912],[107.613926,-2.824004],[107.614109,-2.824187],[107.614201,-2.824553],[107.614201,-2.824828],[107.613926,-2.825103]]}},{"type":"Feature","properties":{"type":"depth_contour","name":"","objl":30},"geometry":{"type":"LineString","coordinates":[[107.610353,-2.779569],[107.610353,-2.779753],[107.610078,-2.780028],[107.609528,-2.780211],[107.609345,-2.780119],[107.609253,-2.779936],[107.60907,-2.779753],[107.60907,-2.779295],[107.609253,-2.77902],[107.609253,-2.778836],[107.60962,-2.77847],[107.609986,-2.778378],[107.610353,-2.778562],[107.610536,-2.778836],[107.610536,-2.779203]]}},{"type":"Feature","properties":{"type":"Superbuoy","name":"","objl":121},"geometry":{"type":"Polygon","coordinates":[[[107.652405,-2.736693],[107.65213,-2.736784],[107.651855,-2.736967],[107.651489,-2.736967],[107.651397,-2.736876],[107.651214,-2.736509],[107.651214,-2.736051],[107.65158,-2.735135],[107.651672,-2.734677],[107.651764,-2.731287],[107.652497,-2.725973],[107.652955,-2.736784],[107.652497,-2.737151],[107.651947,-2.737334],[107.650573,-2.737517],[107.648465,-2.737334],[107.647,-2.736967],[107.645442,-2.736509],[107.642327,-2.735502],[107.639121,-2.734585],[107.637838,-2.734311],[107.636647,-2.733944],[107.63628,-2.733852],[107.635914,-2.733669],[107.635639,-2.733394],[107.635639,-2.733303],[107.636555,-2.731928],[107.637929,-2.730371],[107.638662,-2.729547],[107.639212,-2.728539],[107.639762,-2.727073],[107.640037,-2.725607],[107.640037,-2.723866],[107.63967,-2.722126],[107.639487,-2.721026],[107.639212,-2.719835],[107.638662,-2.718736],[107.637838,-2.717545],[107.63683,-2.716537],[107.635364,-2.715621],[107.63399,-2.714796],[107.632616,-2.713788],[107.631883,-2.713147],[107.631241,-2.712322],[107.629226,-2.710032],[107.629134,-2.709941],[107.628768,-2.709208],[107.62831,-2.708383],[107.62776,-2.706734],[107.62776,-2.706367],[107.627668,-2.705634],[107.627668,-2.703802],[107.627943,-2.70142],[107.628493,-2.699038],[107.629592,-2.69464],[107.63005,-2.693083],[107.630875,-2.690976],[107.631608,-2.689327],[107.632799,-2.687219],[107.633532,-2.685845],[107.63399,-2.684837],[107.634265,-2.684104],[107.634448,-2.683188],[107.63454,-2.682089],[107.634356,-2.679798],[107.634265,-2.677233],[107.634265,-2.675218],[107.634356,-2.674485],[107.634631,-2.673568],[107.634814,-2.672927],[107.634906,-2.672744],[107.635547,-2.67137],[107.636372,-2.670087],[107.637197,-2.668713],[107.638204,-2.66743],[107.652405,-2.736693]]]}},{"type":"Feature","properties":{"type":"Superbuoy","name":"","objl":121},"geometry":{"type":"Polygon","coordinates":[[[107.626386,-2.718827],[107.627119,-2.719194],[107.628035,-2.719927],[107.630142,-2.722584],[107.630509,-2.72295],[107.630875,-2.723133],[107.631241,-2.723133],[107.631608,-2.72295],[107.633715,-2.722034],[107.634081,-2.721942],[107.63454,-2.721942],[107.634631,-2.722034],[107.634814,-2.722126],[107.634814,-2.723042],[107.634723,-2.724233],[107.63399,-2.725699],[107.633532,-2.72634],[107.633074,-2.72689],[107.632707,-2.727256],[107.632249,-2.727439],[107.631333,-2.727439],[107.630509,-2.727073],[107.629134,-2.72634],[107.625744,-2.724324],[107.624462,-2.7235],[107.623637,-2.722767],[107.623087,-2.722217],[107.626386,-2.718827]]]}},{"type":"Feature","properties":{"type":"Superbuoy","name":"","objl":121},"geometry":{"type":"Polygon","coordinates":[[[108.152634,-3.186166],[108.151993,-3.186074],[108.151443,-3.185799],[108.150893,-3.18525],[108.150527,-3.184608],[108.150435,-3.183875],[108.150435,-3.183051],[108.150618,-3.182226],[108.150893,-3.181585],[108.15126,-3.181035],[108.151901,-3.180577],[108.152634,-3.180211],[108.153367,-3.180119],[108.154008,-3.180211],[108.154741,-3.180577],[108.155291,-3.181127],[108.155749,-3.18186],[108.155932,-3.182501],[108.155932,-3.183326],[108.155657,-3.184059],[108.155291,-3.1847],[108.151534,-3.181951],[108.151809,-3.181585],[108.152267,-3.18131],[108.152634,-3.181218],[108.153642,-3.181218],[108.154375,-3.181585],[108.15465,-3.181951],[108.152634,-3.186166]]]}},{"type":"Feature","properties":{"type":"Superbuoy","name":"","objl":121},"geometry":{"type":"Polygon","coordinates":[[[108.184975,-3.16995],[108.185341,-3.170408],[108.185524,-3.170866],[108.185708,-3.171415],[108.185708,-3.172515],[108.185616,-3.173431],[108.185524,-3.174164],[108.185341,-3.17453],[108.185066,-3.174805],[108.184608,-3.17508],[108.183234,-3.17563],[108.181951,-3.17563],[108.182959,-3.170957],[108.183143,-3.171049],[108.183326,-3.171324],[108.183417,-3.171507],[108.183509,-3.171874],[108.183509,-3.173156],[108.183326,-3.173614],[108.183234,-3.173798],[108.183051,-3.173981],[108.182776,-3.174072],[108.182501,-3.174072],[108.182226,-3.174256],[108.181951,-3.174256],[108.181677,-3.174164],[108.181402,-3.173981],[108.181127,-3.173889],[108.181035,-3.173798],[108.180944,-3.173706],[108.18076,-3.173431],[108.180669,-3.173065],[108.180577,-3.17279],[108.180669,-3.172607],[108.180669,-3.172332],[108.18076,-3.172148],[108.18131,-3.171599],[108.184975,-3.16995]]]}},{"type":"Feature","properties":{"type":"Superbuoy","name":"","objl":121},"geometry":{"type":"Polygon","coordinates":[[[108.276958,-3.045076],[108.277142,-3.044709],[108.278241,-3.044343],[108.278882,-3.044251],[108.281264,-3.044251],[108.283555,-3.044709],[108.285112,-3.045259],[108.286578,-3.046175],[108.287952,-3.047183],[108.288502,-3.047732],[108.288685,-3.048099],[108.288869,-3.048374],[108.288869,-3.048465],[108.289052,-3.048923],[108.28896,-3.049473],[108.27705,-3.04535],[108.277691,-3.045809],[108.278424,-3.04645],[108.278974,-3.046816],[108.279524,-3.046908],[108.280165,-3.046816],[108.280715,-3.046725],[108.281173,-3.046541],[108.28218,-3.046541],[108.282913,-3.046816],[108.284013,-3.047549],[108.284746,-3.048557],[108.285753,-3.049382],[108.286761,-3.049656],[108.287861,-3.049931],[108.276958,-3.045076]]]}},{"type":"Feature","properties":{"type":"depth_contour","name":"","objl":30},"geometry":{"type":"LineString","coordinates":[[108.229134,-3.10426],[108.229043,-3.103802],[108.229043,-3.103252],[108.229317,-3.102978],[108.229684,-3.102794],[108.230234,-3.102886],[108.230692,-3.103344],[108.230783,-3.103619],[108.230783,-3.103985],[108.230417,-3.104443],[108.229959,-3.104627]]}},{"type":"Feature","properties":{"type":"depth_contour","name":"","objl":30},"geometry":{"type":"LineString","coordinates":[[108.227119,-3.108108],[108.227027,-3.107742]]}},{"type":"Feature","properties":{"type":"depth_contour","name":"","objl":30},"geometry":{"type":"LineString","coordinates":[[108.22547,-3.113697],[108.225378,-3.113239],[108.225286,-3.112872],[108.225378,-3.112689],[108.225561,-3.112414],[108.225928,-3.112231],[108.226569,-3.112322],[108.227027,-3.112781],[108.227119,-3.113055],[108.227027,-3.113422],[108.226752,-3.11388],[108.226294,-3.114063]]}},{"type":"Feature","properties":{"type":"depth_contour","name":"","objl":30},"geometry":{"type":"LineString","coordinates":[[108.224004,-3.116079],[108.22382,-3.115621],[108.223729,-3.115254],[108.22382,-3.115071],[108.224004,-3.114796],[108.224462,-3.114613],[108.225103,-3.114705],[108.22547,-3.115163],[108.225561,-3.115438],[108.225561,-3.115896],[108.225195,-3.116262],[108.224737,-3.116445]]}},{"type":"Feature","properties":{"type":"Superbuoy","name":"","objl":121},"geometry":{"type":"Polygon","coordinates":[[[107.543747,-2.985616],[107.543564,-2.985524],[107.543381,-2.98525],[107.543106,-2.984975],[107.542831,-2.984608],[107.542556,-2.98415],[107.54219,-2.983326],[107.540632,-2.979844],[107.539991,-2.977554],[107.539716,-2.975813],[107.539075,-2.971507],[107.538708,-2.969492],[107.53825,-2.967934],[107.5377,-2.966468],[107.535502,-2.962437],[107.534952,-2.960788],[107.534769,-2.959414],[107.53486,-2.958223],[107.535044,-2.957032],[107.536309,-2.955499],[107.537843,-2.955058],[107.539303,-2.955058],[107.546954,-2.96088],[107.546221,-2.961154],[107.545671,-2.961338],[107.54448,-2.984517],[107.544663,-2.982226],[107.544755,-2.980394],[107.544755,-2.979111],[107.544663,-2.977645],[107.544388,-2.975722],[107.544114,-2.974347],[107.543655,-2.972606],[107.542831,-2.969034],[107.542281,-2.967109],[107.54219,-2.966468],[107.542281,-2.965827],[107.542556,-2.965277],[107.542831,-2.964819],[107.543564,-2.964269],[107.544114,-2.963903],[107.544938,-2.963628],[107.547778,-2.962712],[107.543747,-2.985616]]]}},{"type":"Feature","properties":{"type":"Superbuoy","name":"","objl":121},"geometry":{"type":"Polygon","coordinates":[[[107.721026,-3.199175],[107.72295,-3.199542],[107.723958,-3.2],[107.724599,-3.200641],[107.724966,-3.201557],[107.72524,-3.202657],[107.721026,-3.199175]]]}},{"type":"Feature","properties":{"type":"Superbuoy","name":"","objl":121},"geometry":{"type":"Polygon","coordinates":[[[107.471095,-2.99661],[107.472377,-2.995328],[107.474576,-2.993037],[107.477416,-2.989922],[107.478333,-2.988914],[107.479066,-2.988365],[107.479798,-2.988181],[107.480348,-2.988273],[107.480623,-2.988273],[107.480898,-2.988548],[107.48099,-2.988731],[107.481081,-2.989281],[107.480898,-2.990197],[107.480165,-2.991663],[107.479066,-2.99377],[107.477142,-2.997068],[107.476683,-2.997984],[107.476592,-2.998809],[107.476592,-2.999908],[107.4776,-3.002657],[107.477783,-3.003848],[107.477874,-3.004398],[107.477783,-3.004856],[107.4776,-3.00568],[107.477325,-3.006321],[107.476775,-3.006871],[107.475951,-3.007146],[107.473935,-3.007421],[107.47311,-3.007787],[107.472652,-3.008429],[107.472377,-3.008887],[107.472194,-3.009437],[107.471828,-3.010811],[107.471644,-3.012826],[107.471461,-3.014567],[107.471186,-3.016033],[107.470637,-3.016949],[107.469812,-3.017774],[107.468896,-3.018507],[107.467888,-3.018965],[107.466789,-3.019331],[107.465781,-3.019423],[107.465231,-3.019423],[107.464865,-3.01924],[107.464498,-3.018965],[107.464407,-3.018873],[107.464315,-3.018873],[107.46404,-3.018323],[107.463857,-3.017774],[107.463674,-3.016308],[107.463582,-3.01475],[107.463765,-3.012918],[107.463949,-3.011819],[107.464315,-3.010444],[107.46459,-3.010078],[107.464682,-3.00962],[107.464956,-3.00907],[107.465231,-3.008612],[107.465598,-3.008062],[107.465964,-3.007421],[107.471095,-2.99661]]]}},{"type":"Feature","properties":{"type":"depth_contour","name":"","objl":30},"geometry":{"type":"LineString","coordinates":[[107.910398,-3.124599],[107.91049,-3.124599],[107.910673,-3.124324],[107.910765,-3.124049],[107.91104,-3.1224],[107.911131,-3.122126],[107.911406,-3.121851],[107.911681,-3.121484],[107.911956,-3.121393],[107.912231,-3.121576],[107.912323,-3.121759],[107.912506,-3.122492],[107.912506,-3.12295],[107.912597,-3.123683],[107.912597,-3.124324],[107.912689,-3.124691],[107.912781,-3.124874],[107.912872,-3.125149],[107.912964,-3.125332],[107.913239,-3.125699],[107.913513,-3.126157],[107.913697,-3.126523],[107.913788,-3.12689],[107.91388,-3.127164],[107.913972,-3.127623],[107.913972,-3.127989],[107.91388,-3.128356],[107.913788,-3.128447],[107.913605,-3.128447],[107.913239,-3.128539],[107.912781,-3.128539],[107.912414,-3.128356],[107.912139,-3.127989],[107.911681,-3.127531],[107.911223,-3.127164],[107.910765,-3.126615]]}},{"type":"Feature","properties":{"type":"Superbuoy","name":"","objl":121},"geometry":{"type":"Polygon","coordinates":[[[107.939533,-3.136143],[107.938525,-3.133119],[107.937884,-3.131562],[107.937517,-3.131012],[107.937151,-3.130554],[107.936784,-3.130188],[107.936326,-3.129913],[107.93541,-3.129547],[107.934585,-3.129363],[107.934219,-3.129363],[107.933944,-3.129455],[107.933486,-3.130188],[107.932112,-3.132936],[107.931287,-3.133944],[107.930829,-3.134219],[107.930463,-3.134219],[107.930096,-3.134127],[107.92973,-3.133853],[107.929088,-3.133119],[107.928722,-3.132753],[107.928264,-3.132478],[107.927348,-3.13202],[107.926065,-3.13202],[107.924874,-3.132112],[107.924324,-3.132295],[107.924049,-3.13257],[107.923775,-3.132845],[107.923591,-3.133119],[107.9235,-3.133578],[107.923591,-3.134036],[107.923683,-3.134677],[107.923958,-3.135318],[107.924508,-3.137059],[107.925057,-3.138891],[107.925424,-3.140541],[107.925607,-3.141823],[107.925607,-3.142464],[107.925424,-3.142739],[107.925149,-3.142923],[107.924508,-3.143289],[107.924049,-3.143472],[107.9235,-3.143472],[107.9224,-3.142923],[107.921942,-3.142464],[107.920568,-3.140815],[107.919377,-3.139349],[107.917545,-3.137242],[107.915621,-3.135135],[107.914063,-3.133578],[107.912781,-3.132387],[107.911406,-3.13147],[107.90994,-3.130463],[107.908475,-3.129272],[107.907742,-3.12863],[107.9071,-3.127806],[107.906093,-3.126248],[107.905268,-3.124782],[107.904901,-3.123591],[107.90481,-3.122675],[107.90536,-3.119927],[107.90536,-3.118461],[107.904993,-3.116262],[107.903985,-3.111681],[107.903894,-3.110765],[107.903894,-3.109482],[107.903985,-3.109116],[107.904169,-3.108475],[107.90481,-3.107375],[107.90536,-3.106642],[107.906367,-3.105818],[107.907375,-3.105268],[107.945396,-3.130371],[107.944755,-3.129547],[107.944205,-3.128905],[107.943014,-3.127989],[107.939716,-3.12634],[107.938708,-3.125699],[107.938159,-3.125332],[107.937151,-3.124507],[107.936326,-3.123775],[107.932661,-3.121393],[107.931837,-3.120751],[107.930829,-3.119927],[107.929638,-3.119194],[107.928081,-3.118369],[107.927164,-3.117819],[107.926615,-3.117636],[107.926065,-3.117545],[107.925057,-3.117636],[107.922584,-3.117819],[107.921026,-3.118186],[107.920293,-3.118369],[107.910398,-3.124599],[107.91049,-3.124599],[107.910673,-3.124324],[107.910765,-3.124049],[107.91104,-3.1224],[107.911131,-3.122126],[107.911406,-3.121851],[107.911681,-3.121484],[107.911956,-3.121393],[107.912231,-3.121576],[107.912323,-3.121759],[107.912506,-3.122492],[107.912506,-3.12295],[107.912597,-3.123683],[107.912597,-3.124324],[107.912689,-3.124691],[107.912781,-3.124874],[107.912872,-3.125149],[107.912964,-3.125332],[107.913239,-3.125699],[107.913513,-3.126157],[107.913697,-3.126523],[107.913788,-3.12689],[107.91388,-3.127164],[107.913972,-3.127623],[107.913972,-3.127989],[107.91388,-3.128356],[107.913788,-3.128447],[107.913605,-3.128447],[107.913239,-3.128539],[107.912781,-3.128539],[107.912414,-3.128356],[107.912139,-3.127989],[107.911681,-3.127531],[107.911223,-3.127164],[107.910765,-3.126615],[107.939533,-3.136143]]]}},{"type":"Feature","properties":{"type":"Superbuoy","name":"","objl":121},"geometry":{"type":"Polygon","coordinates":[[[108.224828,-3.215209],[108.225653,-3.214842],[108.226202,-3.21475],[108.22666,-3.214842],[108.226752,-3.215117],[108.226752,-3.215483],[108.226569,-3.216125],[108.225928,-3.218323],[108.225561,-3.219514],[108.225103,-3.220889],[108.224553,-3.222171],[108.223546,-3.224187],[108.222355,-3.226111],[108.221347,-3.227302],[108.220431,-3.228401],[108.220156,-3.228676],[108.21924,-3.229318],[108.21814,-3.229684],[108.216949,-3.229959],[108.215666,-3.229959],[108.214476,-3.229776],[108.213559,-3.229592],[108.212552,-3.229318],[108.211727,-3.228951],[108.210444,-3.227852],[108.210078,-3.227485],[108.209345,-3.226569],[108.208979,-3.225653],[108.208979,-3.224737],[108.209162,-3.224095],[108.20962,-3.223454],[108.21017,-3.222996],[108.210719,-3.222446],[108.211727,-3.221622],[108.212826,-3.220889],[108.214017,-3.220339],[108.215758,-3.219423],[108.217407,-3.218598],[108.219423,-3.217865],[108.221438,-3.217132],[108.222996,-3.216308],[108.214201,-3.222446],[108.215025,-3.22208],[108.216399,-3.22153],[108.219515,-3.220522],[108.220889,-3.220156],[108.222538,-3.220064],[108.223179,-3.220064],[108.223729,-3.220247],[108.224187,-3.220431],[108.224278,-3.220706],[108.224187,-3.22153],[108.223729,-3.222538],[108.221164,-3.226111],[108.220614,-3.226844],[108.219972,-3.227668],[108.219331,-3.228401],[108.218415,-3.229043],[108.217499,-3.229226],[108.216491,-3.229318],[108.215575,-3.229226],[108.213651,-3.229226],[108.21301,-3.228951],[108.212552,-3.228676],[108.212185,-3.22831],[108.212002,-3.227852],[108.21191,-3.227577],[108.212093,-3.226844],[108.212552,-3.226294],[108.213468,-3.22492],[108.213651,-3.224462],[108.213651,-3.224004],[108.213559,-3.223271],[108.224828,-3.215209]]]}},{"type":"Feature","properties":{"type":"Superbuoy","name":"","objl":121},"geometry":{"type":"Polygon","coordinates":[[[108.210628,-3.19038],[108.210811,-3.190472],[108.211177,-3.191205],[108.211177,-3.191755],[108.211086,-3.192029],[108.210902,-3.192487],[108.210719,-3.192671],[108.209986,-3.193312],[108.209253,-3.19377],[108.208612,-3.194045],[108.207879,-3.19432],[108.206413,-3.194686],[108.204764,-3.194869],[108.202474,-3.194869],[108.201924,-3.194778],[108.200825,-3.194411],[108.200183,-3.193953],[108.199725,-3.193587],[108.199542,-3.193129],[108.199542,-3.192396],[108.199634,-3.19148],[108.2,-3.190197],[108.200275,-3.189647],[108.210078,-3.190747],[108.209895,-3.191113],[108.20962,-3.191388],[108.209253,-3.191571],[108.208887,-3.191846],[108.208246,-3.192304],[108.207421,-3.192671],[108.206505,-3.192854],[108.204856,-3.192671],[108.204306,-3.192396],[108.203848,-3.192121],[108.203481,-3.191663],[108.203298,-3.191022],[108.203298,-3.190472],[108.203481,-3.190014],[108.203848,-3.189556],[108.210628,-3.19038]]]}},{"type":"Feature","properties":{"type":"Superbuoy","name":"","objl":121},"geometry":{"type":"Polygon","coordinates":[[[108.216125,-3.164911],[108.2153,-3.165002],[108.215117,-3.165002],[108.21475,-3.164727],[108.214476,-3.164361],[108.214384,-3.163903],[108.214384,-3.163353],[108.214476,-3.162895],[108.214842,-3.162162],[108.215025,-3.161887],[108.215208,-3.161704],[108.215483,-3.161612],[108.216033,-3.161704],[108.216399,-3.161796],[108.216858,-3.162162],[108.217041,-3.162803],[108.216858,-3.163903],[108.216766,-3.164361],[108.216125,-3.164911]]]}},{"type":"Feature","properties":{"type":"depth_contour","name":"","objl":30},"geometry":{"type":"LineString","coordinates":[[107.822263,-3.175355],[107.822813,-3.17508],[107.823087,-3.175355],[107.823087,-3.175905],[107.822904,-3.175996],[107.822629,-3.176179]]}},{"type":"Feature","properties":{"type":"depth_contour","name":"","objl":30},"geometry":{"type":"LineString","coordinates":[[107.792304,-3.191755],[107.792762,-3.191571],[107.793037,-3.191663],[107.793129,-3.191846],[107.793129,-3.192396],[107.793037,-3.192671],[107.792854,-3.192945],[107.792762,-3.19322],[107.792213,-3.193404],[107.792029,-3.193404],[107.791754,-3.193312],[107.791663,-3.193129]]}},{"type":"Feature","properties":{"type":"depth_contour","name":"","objl":30},"geometry":{"type":"LineString","coordinates":[[107.786257,-3.193129],[107.786532,-3.192945],[107.787082,-3.193129],[107.787265,-3.193495],[107.787082,-3.193953],[107.78699,-3.194136],[107.786716,-3.194228],[107.786532,-3.194411],[107.786257,-3.194595],[107.785799,-3.194595],[107.785708,-3.194503],[107.785708,-3.194136]]}},{"type":"Feature","properties":{"type":"depth_contour","name":"","objl":30},"geometry":{"type":"LineString","coordinates":[[107.397343,-2.798443],[107.397435,-2.798809],[107.39716,-2.799359],[107.39661,-2.799725],[107.396518,-2.799725],[107.396427,-2.799908],[107.396152,-2.800092],[107.395786,-2.800275],[107.395419,-2.80055],[107.395144,-2.800733],[107.394869,-2.800825],[107.394503,-2.801008],[107.394045,-2.801099],[107.39716,-2.797984],[107.39716,-2.797893],[107.397068,-2.797893],[107.396702,-2.797801],[107.396061,-2.797801],[107.395602,-2.797893],[107.395327,-2.798076],[107.394961,-2.798259],[107.394686,-2.798351],[107.394595,-2.798443],[107.394137,-2.798443],[107.392945,-2.799359],[107.392121,-2.800183],[107.391846,-2.80055],[107.391846,-2.800825],[107.392304,-2.801283],[107.392487,-2.801283],[107.392945,-2.801191],[107.393404,-2.801191]]}},{"type":"Feature","properties":{"type":"depth_contour","name":"","objl":30},"geometry":{"type":"LineString","coordinates":[[107.395877,-2.812643],[107.395877,-2.812368],[107.396061,-2.812094],[107.396335,-2.81191],[107.396885,-2.81191],[107.397068,-2.812002],[107.397343,-2.812094],[107.397435,-2.812185],[107.39771,-2.812643],[107.397801,-2.813101],[107.39771,-2.813743],[107.397343,-2.814201],[107.396793,-2.814384],[107.395969,-2.814109]]}},{"type":"Feature","properties":{"type":"depth_contour","name":"","objl":30},"geometry":{"type":"LineString","coordinates":[[107.385891,-2.915529],[107.385158,-2.915437],[107.384883,-2.915254],[107.3847,-2.915071],[107.384608,-2.915071],[107.384517,-2.914888],[107.384517,-2.914613],[107.384425,-2.914338],[107.384517,-2.914063],[107.384517,-2.913697],[107.386716,-2.915437],[107.387265,-2.915163],[107.387357,-2.914979],[107.38754,-2.91443],[107.387357,-2.913788],[107.387265,-2.913514],[107.387082,-2.91333],[107.386899,-2.912964],[107.386807,-2.912597],[107.386716,-2.912414],[107.386532,-2.912139],[107.386441,-2.912048],[107.386532,-2.912048],[107.386532,-2.911864],[107.386257,-2.911773],[107.385983,-2.911589],[107.385066,-2.912872],[107.384792,-2.91333]]}},{"type":"Feature","properties":{"type":"Superbuoy","name":"","objl":121},"geometry":{"type":"Polygon","coordinates":[[[107.502703,-2.857169],[107.502978,-2.857902],[107.503344,-2.859276],[107.503436,-2.860651],[107.503436,-2.862025],[107.503527,-2.86514],[107.503436,-2.868438],[107.503252,-2.871095],[107.502886,-2.873752],[107.502428,-2.876042],[107.50197,-2.878424],[107.501603,-2.880715],[107.501054,-2.883005],[107.500504,-2.884654],[107.499863,-2.886212],[107.49858,-2.88841],[107.49803,-2.88951],[107.497847,-2.890518],[107.497755,-2.891525],[107.497847,-2.892808],[107.498305,-2.893999],[107.49858,-2.895099],[107.498672,-2.895831],[107.498855,-2.896564],[107.498855,-2.897206],[107.498672,-2.897755],[107.498305,-2.898397],[107.497572,-2.898946],[107.496931,-2.899313],[107.496106,-2.899405],[107.495465,-2.899313],[107.495098,-2.89913],[107.501603,-2.859093],[107.500504,-2.862208],[107.500504,-2.863674],[107.50087,-2.864498],[107.501054,-2.864956],[107.501328,-2.865414],[107.501695,-2.866239],[107.501878,-2.86743],[107.501603,-2.868988],[107.501054,-2.871095],[107.499954,-2.874851],[107.499038,-2.878791],[107.49803,-2.884104],[107.497572,-2.88612],[107.497297,-2.886761],[107.497022,-2.887311],[107.496748,-2.887678],[107.496381,-2.887861],[107.495373,-2.88841],[107.502703,-2.857169]]]}},{"type":"Feature","properties":{"type":"Superbuoy","name":"","objl":121},"geometry":{"type":"Polygon","coordinates":[[[107.863789,-3.21971],[107.864809,-3.220735],[107.865182,-3.222135],[107.864809,-3.223536],[107.863789,-3.22456],[107.862396,-3.224922],[107.861003,-3.22456],[107.859983,-3.223536],[107.85961,-3.222135],[107.859983,-3.220735],[107.861003,-3.21971],[107.863789,-3.21971]]]}},{"type":"Feature","properties":{"type":"depth_contour","name":"","objl":30},"geometry":{"type":"LineString","coordinates":[[107.72524,-3.328355],[107.723683,-3.327989],[107.7235,-3.327622],[107.7235,-3.326248],[107.724141,-3.325699],[107.72579,-3.325973],[107.725973,-3.326248],[107.726248,-3.326523],[107.726248,-3.32689]]}},{"type":"Feature","properties":{"type":"depth_contour","name":"","objl":30},"geometry":{"type":"LineString","coordinates":[[107.982318,-3.406321],[107.982501,-3.405955],[107.982684,-3.405772],[107.982959,-3.405772],[107.983142,-3.405955],[107.983234,-3.40623],[107.983417,-3.406963],[107.983234,-3.407329],[107.983051,-3.407513],[107.982776,-3.407696],[107.982593,-3.407879],[107.982318,-3.407879],[107.982043,-3.407787],[107.981768,-3.407513],[107.981768,-3.407238],[107.98186,-3.406963]]}},{"type":"Feature","properties":{"type":"depth_contour","name":"","objl":30},"geometry":{"type":"LineString","coordinates":[[107.985433,-3.409162],[107.985158,-3.40907],[107.985066,-3.408887],[107.984975,-3.408612],[107.985066,-3.408246],[107.985158,-3.407971],[107.985341,-3.407696],[107.985433,-3.407421],[107.985708,-3.407238],[107.985983,-3.407238],[107.986257,-3.407329],[107.986532,-3.407604],[107.986716,-3.408062],[107.986716,-3.408429],[107.986532,-3.408887],[107.985983,-3.409253]]}},{"type":"Feature","properties":{"type":"Superbuoy","name":"","objl":121},"geometry":{"type":"Polygon","coordinates":[[[107.963628,-3.182043],[107.963445,-3.18131],[107.963353,-3.180577],[107.963445,-3.179844],[107.96372,-3.179386],[107.963994,-3.17902],[107.964544,-3.178745],[107.965094,-3.178562],[107.965735,-3.178653],[107.963628,-3.182043]]]}},{"type":"Feature","properties":{"type":"Superbuoy","name":"","objl":121},"geometry":{"type":"Polygon","coordinates":[[[108.338983,-3.172698],[108.339441,-3.17279],[108.339808,-3.172973],[108.339991,-3.173431],[108.340174,-3.173798],[108.340357,-3.174439],[108.340357,-3.17508],[108.340174,-3.17563],[108.339808,-3.176179],[108.339349,-3.176546],[108.3388,-3.176821],[108.338159,-3.177004],[108.337151,-3.177004],[108.336693,-3.176729],[108.336326,-3.176454],[108.336051,-3.175905],[108.338983,-3.172698]]]}},{"type":"Feature","properties":{"type":"Superbuoy","name":"","objl":121},"geometry":{"type":"Polygon","coordinates":[[[108.332203,-3.19661],[108.33202,-3.196152],[108.331929,-3.195694],[108.332203,-3.19661]]]}},{"type":"Feature","properties":{"type":"Superbuoy","name":"","objl":121},"geometry":{"type":"Polygon","coordinates":[[[108.285296,-3.234082],[108.284654,-3.233623],[108.284196,-3.233074],[108.28383,-3.232341],[108.283738,-3.231425],[108.283921,-3.230417],[108.284288,-3.229318],[108.284837,-3.22831],[108.285021,-3.227943],[108.285296,-3.227577],[108.285662,-3.227302],[108.28612,-3.227302],[108.286486,-3.227485],[108.286853,-3.227852],[108.287128,-3.228126],[108.288227,-3.229043],[108.288685,-3.229501],[108.289143,-3.229867],[108.289601,-3.2306],[108.289693,-3.231333],[108.289601,-3.232249],[108.289327,-3.23289],[108.288777,-3.233349],[108.288227,-3.233715],[108.287494,-3.234082],[108.286761,-3.234265],[108.286028,-3.234265],[108.285296,-3.234082]]]}},{"type":"Feature","properties":{"type":"Superbuoy","name":"","objl":121},"geometry":{"type":"Polygon","coordinates":[[[108.294457,-3.222446],[108.294365,-3.221988],[108.294365,-3.22153],[108.294274,-3.221072],[108.294274,-3.220522],[108.294457,-3.219423],[108.294457,-3.219056],[108.294549,-3.218781],[108.29464,-3.218415],[108.295007,-3.217865],[108.295557,-3.217407],[108.296473,-3.216583],[108.298855,-3.225103],[108.298122,-3.224828],[108.297572,-3.22437],[108.297206,-3.223912],[108.296931,-3.223271],[108.296656,-3.222538],[108.296473,-3.221805],[108.29629,-3.220247],[108.296381,-3.218781],[108.296473,-3.217865],[108.297114,-3.216583],[108.298122,-3.225378],[108.297022,-3.225195],[108.296748,-3.225103],[108.296198,-3.224828],[108.295923,-3.224645],[108.295098,-3.22382],[108.294915,-3.223546],[108.294732,-3.223179],[108.29464,-3.222904],[108.294457,-3.222446]]]}},{"type":"Feature","properties":{"type":"Superbuoy","name":"","objl":121},"geometry":{"type":"Polygon","coordinates":[[[108.331745,-3.233257],[108.33202,-3.233074],[108.332478,-3.233074],[108.332845,-3.233165],[108.33312,-3.233623],[108.333303,-3.23399],[108.33312,-3.234448],[108.33312,-3.234906],[108.332845,-3.235731],[108.33257,-3.236372],[108.332203,-3.23683],[108.33147,-3.237288],[108.331745,-3.233257]]]}},{"type":"Feature","properties":{"type":"Superbuoy","name":"","objl":121},"geometry":{"type":"Polygon","coordinates":[[[107.105451,-2.905543],[107.104535,-2.906093],[107.103527,-2.906551],[107.099954,-2.907192],[107.095923,-2.90765],[107.0918,-2.908108],[107.089235,-2.908383],[107.086761,-2.908658],[107.084104,-2.908841],[107.081631,-2.908841],[107.078974,-2.908475],[107.0765,-2.907742],[107.074118,-2.906826],[107.071828,-2.905726],[107.069721,-2.90426],[107.067613,-2.902794],[107.065415,-2.90087],[107.063582,-2.898672],[107.061841,-2.896289],[107.05836,-2.891709],[107.056711,-2.889968],[107.05497,-2.888319],[107.05158,-2.885021],[107.050206,-2.883188],[107.049107,-2.881081],[107.048924,-2.880898],[107.105634,-2.905268],[107.104901,-2.905085],[107.104077,-2.904718],[107.102703,-2.903894],[107.101237,-2.902794],[107.099863,-2.901878],[107.098763,-2.90142],[107.09803,-2.901054],[107.097664,-2.900962],[107.097389,-2.90087],[107.096839,-2.90087],[107.096381,-2.900687],[107.095557,-2.900687],[107.094366,-2.90087],[107.092808,-2.901054],[107.090976,-2.901328],[107.088777,-2.901787],[107.085937,-2.902336],[107.08383,-2.902794],[107.082547,-2.902977],[107.081448,-2.902886],[107.080165,-2.902519],[107.078607,-2.901787],[107.077325,-2.901054],[107.075859,-2.899954],[107.072194,-2.896656],[107.105451,-2.905543]]]}},{"type":"Feature","properties":{"type":"Superbuoy","name":"","objl":121},"geometry":{"type":"Polygon","coordinates":[[[106.798626,-2.8765],[106.799267,-2.876775],[106.799725,-2.877325],[106.8,-2.878058],[106.800092,-2.878791],[106.799908,-2.879615],[106.799634,-2.880348],[106.799267,-2.881448],[106.798717,-2.882547],[106.797984,-2.883463],[106.797343,-2.884013],[106.796519,-2.884196],[106.79606,-2.883555],[106.796152,-2.883371],[106.796702,-2.882639],[106.797252,-2.881997],[106.79771,-2.881356],[106.798168,-2.880623],[106.798534,-2.879799],[106.798534,-2.878149],[106.798076,-2.877142],[106.79771,-2.876867],[106.798626,-2.8765]]]}},{"type":"Feature","properties":{"type":"Superbuoy","name":"","objl":121},"geometry":{"type":"Polygon","coordinates":[[[106.786258,-2.889601],[106.785524,-2.890609],[106.784517,-2.891159],[106.783784,-2.891342],[106.783051,-2.891159],[106.782501,-2.890609],[106.782318,-2.889968],[106.782318,-2.887678],[106.782593,-2.886761],[106.783051,-2.885937],[106.783692,-2.885204],[106.784334,-2.884288],[106.786166,-2.887219],[106.786258,-2.885845],[106.786624,-2.884104],[106.78699,-2.883097],[106.786258,-2.889601]]]}},{"type":"Feature","properties":{"type":"Superbuoy","name":"","objl":121},"geometry":{"type":"Polygon","coordinates":[[[106.920385,-2.923866],[106.918369,-2.9235],[106.916354,-2.923225],[106.911681,-2.922492],[106.907009,-2.921851],[106.902794,-2.921209],[106.898672,-2.920568],[106.894457,-2.91956],[106.890609,-2.918278],[106.886853,-2.91672],[106.883097,-2.915071],[106.878058,-2.912964],[106.873202,-2.910765],[106.868346,-2.908383],[106.865598,-2.907009],[106.862849,-2.905543],[106.860192,-2.903985],[106.857719,-2.902153],[106.800366,-2.897847],[106.801558,-2.896931],[106.801741,-2.896839],[106.804214,-2.895557],[106.806596,-2.894182],[106.80678,-2.894091],[106.808429,-2.8929],[106.810078,-2.891434],[106.811635,-2.889876],[106.813193,-2.887861],[106.814292,-2.885662],[106.8153,-2.883463],[106.816583,-2.881264],[106.817316,-2.880073],[106.817407,-2.87989],[106.81814,-2.878607],[106.819056,-2.877325],[106.819973,-2.876134],[106.821347,-2.875218],[106.920385,-2.923866]]]}},{"type":"Feature","properties":{"type":"Superbuoy","name":"","objl":121},"geometry":{"type":"Polygon","coordinates":[[[106.904627,-2.999267],[106.9071,-3.000916],[106.907925,-3.001924],[106.908566,-3.003115],[106.908933,-3.004398],[106.909207,-3.005772],[106.909299,-3.007146],[106.909849,-3.009162],[106.910582,-3.011269],[106.911131,-3.012826],[106.913055,-3.016674],[106.913147,-3.017316],[106.913147,-3.018781],[106.913055,-3.018965],[106.903069,-2.998351],[106.902245,-3.000366],[106.901603,-3.002474],[106.901328,-3.004764],[106.901328,-3.007787],[106.901603,-3.009253],[106.90197,-3.010811],[106.902703,-3.012277],[106.903527,-3.013468],[106.904443,-3.014567],[106.905543,-3.015575],[106.906459,-3.016125],[106.907284,-3.016491],[106.908108,-3.016674],[106.908933,-3.016674],[106.909574,-3.016766],[106.910307,-3.016857],[106.911131,-3.017224],[106.911773,-3.017682],[106.912323,-3.01814],[106.91278,-3.01869],[106.904627,-2.999267]]]}},{"type":"Feature","properties":{"type":"depth_contour","name":"","objl":30},"geometry":{"type":"LineString","coordinates":[[106.25323,-2.893266],[106.253688,-2.8929],[106.254146,-2.892808],[106.254695,-2.892808],[106.255245,-2.892991],[106.25552,-2.893633],[106.25552,-2.894091],[106.255337,-2.894549],[106.25497,-2.895007],[106.254512,-2.895373],[106.253962,-2.895282],[106.253504,-2.895099],[106.25323,-2.894732],[106.253046,-2.894366]]}},{"type":"Feature","properties":{"type":"Superbuoy","name":"","objl":121},"geometry":{"type":"Polygon","coordinates":[[[106.760055,-3.043426],[106.761246,-3.044618],[106.762071,-3.045534],[106.762712,-3.046267],[106.763353,-3.047183],[106.763811,-3.048282],[106.763994,-3.049473],[106.763994,-3.050573],[106.762712,-3.041228],[106.763811,-3.041777],[106.765002,-3.042327],[106.76601,-3.043243],[106.766926,-3.044434],[106.767476,-3.045717],[106.767842,-3.047091],[106.768117,-3.048282],[106.7683,-3.04929],[106.7683,-3.050389],[106.768209,-3.051305],[106.768026,-3.052222],[106.767568,-3.053138],[106.767018,-3.053871],[106.760055,-3.043426]]]}},{"type":"Feature","properties":{"type":"depth_contour","name":"","objl":30},"geometry":{"type":"LineString","coordinates":[[103.471553,-0.001832],[103.472561,-0.003023],[103.47311,-0.003665],[103.476317,-0.005955],[103.478607,-0.007696],[103.48557,-0.012918],[103.490243,-0.016583],[103.492808,-0.018323],[103.497939,-0.021896],[103.499679,-0.023179],[103.501054,-0.024462],[103.502245,-0.025653],[103.503161,-0.026844],[103.508383,-0.035181],[103.512872,-0.042694],[103.513697,-0.044617],[103.51443,-0.047091],[103.515071,-0.04929],[103.515804,-0.050389],[103.516628,-0.051031],[103.517728,-0.051672],[103.518827,-0.052039],[103.519744,-0.05213],[103.520568,-0.052039],[103.523591,-0.051031],[103.529913,-0.050115],[103.536967,-0.049198],[103.539166,-0.048924],[103.540449,-0.049015],[103.542648,-0.049565],[103.54503,-0.050023],[103.546221,-0.050115],[103.547412,-0.049931],[103.549886,-0.04984],[103.552726,-0.050206],[103.556024,-0.050664],[103.557948,-0.050847],[103.559963,-0.050847],[103.563536,-0.051214],[103.565827,-0.051947],[103.567842,-0.053504],[103.570683,-0.056161],[103.573614,-0.05891],[103.574897,-0.059917],[103.575996,-0.060559],[103.578195,-0.061658],[103.581127,-0.062391],[103.583967,-0.062758],[103.585066,-0.062849],[103.585983,-0.062666],[103.59377,-0.040495],[103.594137,-0.041502],[103.594228,-0.042419],[103.594228,-0.044343],[103.593862,-0.0459],[103.593129,-0.047732],[103.591846,-0.050206],[103.590563,-0.053321],[103.590105,-0.054879],[103.589831,-0.056528],[103.589189,-0.059276],[103.588823,-0.060376],[103.588365,-0.061109],[103.587907,-0.061658],[103.587265,-0.062116],[103.592671,-0.038479],[103.591754,-0.037563],[103.590472,-0.036647],[103.561338,-0.012368],[103.561429,-0.012368],[103.562071,-0.012185],[103.562895,-0.012185],[103.566193,-0.012735],[103.569491,-0.014659],[103.571965,-0.016858],[103.572973,-0.018323],[103.574256,-0.020706],[103.575355,-0.023546],[103.575996,-0.026019],[103.576638,-0.028035],[103.577004,-0.028676],[103.577096,-0.028768],[103.577187,-0.028951],[103.577371,-0.029043],[103.577462,-0.029043],[103.578287,-0.029501],[103.579111,-0.029409],[103.579753,-0.028951],[103.580302,-0.02776],[103.580485,-0.026844],[103.580485,-0.025378],[103.580211,-0.021347],[103.580027,-0.017316],[103.580211,-0.015941],[103.580298,-0.015679],[103.58076,-0.014842],[103.580852,-0.01475],[103.581219,-0.014567],[103.581951,-0.014659],[103.583875,-0.016399],[103.585799,-0.01869],[103.587174,-0.019881],[103.587632,-0.020247],[103.588181,-0.020431],[103.589098,-0.020614],[103.590747,-0.020339],[103.593495,-0.018965],[103.598901,-0.016399],[103.604489,-0.013742],[103.606322,-0.012643],[103.611544,-0.00907],[103.615208,-0.006138],[103.617499,-0.003665],[103.619056,-0.001741],[103.620705,-0.000275]]}},{"type":"Feature","properties":{"type":"depth_contour","name":"","objl":30},"geometry":{"type":"LineString","coordinates":[[106.45552,-2.287403],[106.456161,-2.288502],[106.455245,-2.291525],[106.454512,-2.292442],[106.453779,-2.292625],[106.451947,-2.291984],[106.451122,-2.28896],[106.451306,-2.288502]]}},{"type":"Feature","properties":{"type":"Superbuoy","name":"","objl":121},"geometry":{"type":"Polygon","coordinates":[[[106.266331,-3.229959],[106.266056,-3.229318],[106.265964,-3.229043],[106.266056,-3.228951],[106.266148,-3.228676],[106.266514,-3.228401],[106.267338,-3.228401],[106.267797,-3.228676],[106.268896,-3.229409],[106.266331,-3.229959]]]}},{"type":"Feature","properties":{"type":"depth_contour","name":"","objl":30},"geometry":{"type":"LineString","coordinates":[[107.652955,-2.573156],[107.653229,-2.574164],[107.653229,-2.575538],[107.652955,-2.575905],[107.651855,-2.576546],[107.651397,-2.576729],[107.651031,-2.576638],[107.650847,-2.576271],[107.651031,-2.575172],[107.65158,-2.573248]]}},{"type":"Feature","properties":{"type":"depth_contour","name":"","objl":30},"geometry":{"type":"LineString","coordinates":[[107.657627,-2.559047],[107.657994,-2.558772],[107.658452,-2.558681],[107.659276,-2.558864],[107.659826,-2.559505],[107.659918,-2.560513],[107.659734,-2.560879],[107.659368,-2.560971],[107.657994,-2.560238],[107.657444,-2.55978]]}},{"type":"Feature","properties":{"type":"depth_contour","name":"","objl":30},"geometry":{"type":"LineString","coordinates":[[107.654054,-2.562895],[107.654421,-2.56262],[107.654879,-2.562529],[107.655612,-2.562712],[107.656161,-2.563353],[107.656253,-2.564361],[107.65607,-2.564727],[107.655703,-2.564819],[107.654421,-2.564086],[107.653871,-2.563628]]}},{"type":"Feature","properties":{"type":"depth_contour","name":"","objl":30},"geometry":{"type":"LineString","coordinates":[[107.677783,-2.55639],[107.678149,-2.556115],[107.678607,-2.556024],[107.679432,-2.556207],[107.679982,-2.556848],[107.680073,-2.557856],[107.67989,-2.558223],[107.679524,-2.558314],[107.678149,-2.557581],[107.6776,-2.557123]]}},{"type":"Feature","properties":{"type":"depth_contour","name":"","objl":30},"geometry":{"type":"LineString","coordinates":[[107.698305,-2.551993],[107.698672,-2.551718],[107.69913,-2.551626],[107.699954,-2.551809],[107.700504,-2.552451],[107.700596,-2.553459],[107.700412,-2.553825],[107.700046,-2.553917],[107.698672,-2.553184],[107.698122,-2.552726]]}},{"type":"Feature","properties":{"type":"depth_contour","name":"","objl":30},"geometry":{"type":"LineString","coordinates":[[107.7377,-2.540449],[107.738067,-2.540174],[107.738525,-2.540082],[107.73935,-2.540266],[107.739899,-2.540907],[107.739991,-2.541915],[107.739808,-2.542281],[107.739441,-2.542373],[107.738067,-2.54164],[107.737517,-2.541182]]}},{"type":"Feature","properties":{"type":"depth_contour","name":"","objl":30},"geometry":{"type":"LineString","coordinates":[[107.75071,-2.540815],[107.751076,-2.540541],[107.751535,-2.540449],[107.752359,-2.540632],[107.752909,-2.541273],[107.753,-2.542281],[107.752817,-2.542648],[107.752451,-2.542739]]}},{"type":"Feature","properties":{"type":"depth_contour","name":"","objl":30},"geometry":{"type":"LineString","coordinates":[[107.74677,-2.548694],[107.747137,-2.54842],[107.747595,-2.548328],[107.74842,-2.548511],[107.748969,-2.549152],[107.749061,-2.550252],[107.748878,-2.550618]]}},{"type":"Feature","properties":{"type":"depth_contour","name":"","objl":30},"geometry":{"type":"LineString","coordinates":[[107.644159,-2.593129],[107.644526,-2.592854],[107.644984,-2.592762],[107.645809,-2.592945],[107.646358,-2.593587],[107.64645,-2.594595],[107.646267,-2.594961],[107.6459,-2.595053],[107.644526,-2.59432],[107.643976,-2.593862]]}},{"type":"Feature","properties":{"type":"depth_contour","name":"","objl":30},"geometry":{"type":"LineString","coordinates":[[107.637838,-2.585433],[107.638204,-2.585158],[107.638662,-2.585066],[107.639487,-2.58525],[107.640037,-2.585891],[107.640128,-2.586899],[107.639945,-2.587265],[107.639578,-2.587357],[107.638204,-2.586624],[107.637655,-2.586166]]}},{"type":"Feature","properties":{"type":"depth_contour","name":"","objl":30},"geometry":{"type":"LineString","coordinates":[[106.33541,-2.27137],[106.336143,-2.271644],[106.336876,-2.272194],[106.337792,-2.273385],[106.337975,-2.274668],[106.337792,-2.275401],[106.337334,-2.275859],[106.336784,-2.276225],[106.336143,-2.276409],[106.335502,-2.2765],[106.334952,-2.276409],[106.334586,-2.276134],[106.334127,-2.275218],[106.334127,-2.273202]]}},{"type":"Feature","properties":{"type":"depth_contour","name":"","objl":30},"geometry":{"type":"LineString","coordinates":[[110.248649,-3.039762],[110.249107,-3.040037],[110.249656,-3.040586],[110.249748,-3.041136],[110.249748,-3.041686],[110.249656,-3.041961],[110.249473,-3.042052],[110.249107,-3.04251],[110.248557,-3.04306],[110.248282,-3.043335],[110.248007,-3.043518],[110.247549,-3.04361],[110.247366,-3.04361],[110.247091,-3.043426],[110.246908,-3.042968],[110.246816,-3.04251],[110.247,-3.041594],[110.247458,-3.040861],[110.247916,-3.04022],[110.248007,-3.039853],[110.248099,-3.03967]]}},{"type":"Feature","properties":{"type":"depth_contour","name":"","objl":30},"geometry":{"type":"LineString","coordinates":[[110.229317,-3.042785],[110.228859,-3.042419],[110.228401,-3.041961],[110.22831,-3.041686],[110.228218,-3.041411],[110.22831,-3.041044],[110.228584,-3.040495],[110.228951,-3.040037],[110.229409,-3.039853],[110.23005,-3.039762],[110.230692,-3.039945],[110.231241,-3.040403],[110.231608,-3.040861],[110.2317,-3.041502],[110.231608,-3.042144],[110.231241,-3.042693],[110.230783,-3.04306]]}},{"type":"Feature","properties":{"type":"depth_contour","name":"","objl":30},"geometry":{"type":"LineString","coordinates":[[105.136509,-2.382684],[105.144114,-2.379386],[105.151718,-2.374897],[105.163262,-2.368392],[105.164727,-2.367476],[105.175996,-2.361979],[105.186257,-2.355383],[105.19771,-2.35016],[105.198809,-2.349611],[105.20852,-2.346679],[105.220064,-2.34448],[105.229317,-2.342556],[105.233898,-2.342831],[105.24535,-2.350435],[105.245625,-2.350618],[105.268713,-2.360879],[105.270545,-2.361887],[105.282089,-2.367751],[105.293541,-2.373523],[105.296564,-2.375172],[105.308108,-2.381951],[105.315712,-2.386441],[105.324966,-2.387723],[105.334585,-2.388823],[105.338067,-2.388365],[105.340449,-2.387723],[105.349885,-2.389006],[105.358589,-2.389556],[105.367842,-2.390563],[105.371965,-2.391754],[105.379295,-2.391388],[105.390472,-2.394503],[105.402016,-2.395419],[105.40907,-2.39606],[105.585799,-2.420064],[105.597251,-2.420156],[105.608795,-2.409345],[105.611635,-2.406688],[105.615758,-2.405405],[105.620614,-2.405222]]}},{"type":"Feature","properties":{"type":"depth_contour","name":"","objl":30},"geometry":{"type":"LineString","coordinates":[[107.942098,-2.559414],[107.942648,-2.55978],[107.942831,-2.559963],[107.942831,-2.560238],[107.942739,-2.560605],[107.942373,-2.560971],[107.941457,-2.561154],[107.94054,-2.561063],[107.940266,-2.560879],[107.940174,-2.560605],[107.940082,-2.560055],[107.940357,-2.559505],[107.940724,-2.559322]]}},{"type":"Feature","properties":{"type":"depth_contour","name":"","objl":30},"geometry":{"type":"LineString","coordinates":[[107.929455,-2.557306],[107.929363,-2.557948],[107.929272,-2.558131],[107.929088,-2.558131]]}},{"type":"Feature","properties":{"type":"depth_contour","name":"","objl":30},"geometry":{"type":"LineString","coordinates":[[107.91333,-2.55978],[107.913239,-2.560421],[107.913147,-2.560605],[107.912964,-2.560605],[107.912506,-2.560238],[107.912231,-2.559505],[107.912048,-2.558956],[107.912048,-2.558681],[107.912323,-2.558498],[107.912506,-2.558589],[107.912689,-2.558772],[107.913055,-2.559047]]}},{"type":"Feature","properties":{"type":"pipeline","name":"","objl":86},"geometry":{"type":"LineString","coordinates":[[110.162386,-2.432496],[110.160987,-2.437117],[110.161187,-2.441335],[110.161387,-2.446559],[110.162585,-2.452184],[110.164383,-2.457206],[110.167179,-2.464037],[110.170774,-2.471269],[110.175967,-2.478702],[110.18096,-2.48493],[110.183757,-2.48935],[110.184356,-2.493167],[110.184755,-2.499193],[110.184156,-2.503613],[110.183357,-2.50964],[110.183157,-2.515064],[110.183157,-2.519885],[110.185754,-2.524907],[110.189748,-2.532139],[110.192544,-2.535353]]}},{"type":"Feature","properties":{"type":"pipeline","name":"","objl":86},"geometry":{"type":"Polygon","coordinates":[[[110.246814,-2.972019],[110.251431,-2.976662],[110.253997,-2.983884],[110.25528,-2.990075],[110.255023,-2.99446],[110.253484,-2.99936],[110.251175,-3.002197],[110.248609,-3.002713],[110.2463,-3.002713],[110.242708,-3.001165],[110.238603,-2.99807],[110.235525,-2.992912],[110.233216,-2.98569],[110.23219,-2.978983],[110.233216,-2.972793],[110.236038,-2.96944],[110.246814,-2.972019]]]}},{"type":"Feature","properties":{"type":"depth_contour","name":"","objl":30},"geometry":{"type":"LineString","coordinates":[[108.201283,-3.175813],[108.201466,-3.176088],[108.201741,-3.176271],[108.20229,-3.176454],[108.202932,-3.176546],[108.203573,-3.176546],[108.20394,-3.176454],[108.204214,-3.176179],[108.201466,-3.175263],[108.201741,-3.17508],[108.20229,-3.174805],[108.203023,-3.174897],[108.203573,-3.17508],[108.20394,-3.175172]]}},{"type":"Feature","properties":{"type":"Superbuoy","name":"","objl":121},"geometry":{"type":"Polygon","coordinates":[[[109.812004,-1.706068],[109.812279,-1.708176],[109.812187,-1.710283],[109.811455,-1.712665],[109.810355,-1.715138],[109.809256,-1.715963],[109.805316,-1.71807],[109.802659,-1.718528],[109.800369,-1.718436],[109.798353,-1.717887],[109.796613,-1.717154],[109.795147,-1.715963],[109.794047,-1.714497],[109.793498,-1.713123],[109.793223,-1.71129],[109.793314,-1.70955],[109.793773,-1.707901],[109.794597,-1.706251],[109.795788,-1.704694],[109.797254,-1.703411],[109.798903,-1.702587],[109.800735,-1.702037],[109.802659,-1.701671],[109.806232,-1.701671],[109.807882,-1.701945],[109.809347,-1.702678],[109.81063,-1.703778],[109.812004,-1.706068]]]}},{"type":"Feature","properties":{"type":"Superbuoy","name":"","objl":121},"geometry":{"type":"Polygon","coordinates":[[[108.607594,-2.580162],[108.633651,-2.580341],[108.634625,-2.601822],[108.627712,-2.605922],[108.619293,-2.599058],[108.623302,-2.591422],[108.607594,-2.580162]]]}},{"type":"Feature","properties":{"type":"Superbuoy","name":"","objl":121},"geometry":{"type":"Polygon","coordinates":[[[107.057444,-2.817591],[107.057077,-2.817682],[107.056711,-2.817591],[107.056344,-2.817407],[107.05607,-2.817041],[107.055978,-2.816399],[107.055795,-2.815666],[107.055795,-2.812735],[107.055886,-2.811361],[107.056161,-2.809895],[107.056344,-2.809345],[107.056436,-2.809253],[107.056803,-2.808612],[107.057444,-2.807604],[107.058177,-2.80678],[107.05891,-2.806322],[107.05946,-2.80623],[107.059826,-2.80623],[107.060192,-2.806413],[107.060467,-2.806688],[107.06065,-2.807146],[107.06065,-2.808154],[107.060559,-2.809803],[107.060009,-2.81246],[107.059551,-2.814201],[107.059368,-2.81475],[107.058818,-2.81585],[107.058452,-2.816399],[107.057994,-2.817041],[107.057444,-2.817591]]]}},{"type":"Feature","properties":{"type":"depth_contour","name":"","objl":30},"geometry":{"type":"LineString","coordinates":[[107.130737,-2.982684],[107.130463,-2.982868],[107.129913,-2.983051],[107.129363,-2.983051],[107.128997,-2.982868],[107.128722,-2.982501],[107.128539,-2.982135],[107.128539,-2.981127],[107.128814,-2.980669],[107.128905,-2.980211],[107.12918,-2.979753],[107.129547,-2.979569],[107.130005,-2.979478],[107.130554,-2.979569],[107.131012,-2.979844],[107.131287,-2.980394],[107.13147,-2.981035],[107.131379,-2.981585],[107.131196,-2.982043]]}},{"type":"Feature","properties":{"type":"Superbuoy","name":"","objl":121},"geometry":{"type":"Polygon","coordinates":[[[107.290701,-2.982318],[107.291434,-2.982501],[107.292075,-2.983326],[107.292442,-2.983967],[107.292533,-2.984792],[107.292442,-2.985616],[107.292075,-2.986257],[107.2918,-2.986624],[107.28951,-2.987723],[107.288685,-2.987265],[107.288136,-2.986715],[107.287769,-2.986074],[107.287678,-2.985433],[107.287769,-2.984608],[107.288136,-2.983784],[107.288502,-2.983234],[107.28896,-2.982684],[107.28951,-2.982318],[107.29006,-2.982226],[107.290701,-2.982318]]]}},{"type":"Feature","properties":{"type":"Superbuoy","name":"","objl":121},"geometry":{"type":"Polygon","coordinates":[[[107.434814,-2.940999],[107.43399,-2.94164],[107.433074,-2.942006],[107.432249,-2.94219],[107.431333,-2.94219],[107.430417,-2.942006],[107.429409,-2.941823],[107.428584,-2.941365],[107.427668,-2.940815],[107.426294,-2.939624],[107.42492,-2.938067],[107.423454,-2.936876],[107.421622,-2.935868],[107.386716,-2.915437],[107.387265,-2.915163],[107.387357,-2.914979],[107.38754,-2.91443],[107.387357,-2.913788],[107.387265,-2.913514],[107.387082,-2.91333],[107.386899,-2.912964],[107.386807,-2.912597],[107.386716,-2.912414],[107.386532,-2.912139],[107.386441,-2.912048],[107.386532,-2.912048],[107.386532,-2.911864],[107.386257,-2.911773],[107.385983,-2.911589],[107.385066,-2.912872],[107.384792,-2.91333],[107.384425,-2.913422],[107.383509,-2.913055],[107.382593,-2.912506],[107.380944,-2.911406],[107.379661,-2.910215],[107.378562,-2.909116],[107.377737,-2.908017],[107.377004,-2.907009],[107.376454,-2.905909],[107.376271,-2.905176],[107.37618,-2.904627],[107.37618,-2.904443],[107.376363,-2.904169],[107.376454,-2.903894],[107.376638,-2.903802],[107.377187,-2.903619],[107.377554,-2.903436],[107.378287,-2.903527],[107.379295,-2.903802],[107.380302,-2.90426],[107.38131,-2.90481],[107.382593,-2.905634],[107.38415,-2.906917],[107.386349,-2.908749],[107.435273,-2.939258],[107.434173,-2.938983],[107.433074,-2.938617],[107.431974,-2.938067],[107.431058,-2.937517],[107.429409,-2.935868],[107.428676,-2.93486],[107.426569,-2.931745],[107.425653,-2.930554],[107.425103,-2.929913],[107.42437,-2.92918],[107.422629,-2.927806],[107.417591,-2.925057],[107.415941,-2.923958],[107.415025,-2.92295],[107.413651,-2.921301],[107.412093,-2.919011],[107.410628,-2.916354],[107.408062,-2.91104],[107.40623,-2.907925],[107.405405,-2.907009],[107.405039,-2.906642],[107.434814,-2.940999]]]}},{"type":"Feature","properties":{"type":"Superbuoy","name":"","objl":121},"geometry":{"type":"Polygon","coordinates":[[[107.365552,-2.856345],[107.365552,-2.855703],[107.36546,-2.855062],[107.36546,-2.854879],[107.365185,-2.854695],[107.364728,-2.85442],[107.364269,-2.854237],[107.364178,-2.854237],[107.363811,-2.854329],[107.363445,-2.854695],[107.36317,-2.85607],[107.36317,-2.857077],[107.363353,-2.857261],[107.363445,-2.857261],[107.364361,-2.857444],[107.365185,-2.857444],[107.36546,-2.857169],[107.36546,-2.857077],[107.365552,-2.856345]]]}},{"type":"Feature","properties":{"type":"Superbuoy","name":"","objl":121},"geometry":{"type":"Polygon","coordinates":[[[108.463307,-2.719377],[108.463216,-2.719377],[108.462391,-2.719743],[108.461017,-2.719652],[108.459459,-2.719377],[108.457902,-2.71901],[108.456436,-2.718461],[108.455245,-2.717911],[108.454237,-2.717087],[108.453779,-2.716629],[108.453413,-2.716079],[108.453138,-2.715529],[108.452863,-2.714888],[108.452771,-2.714063],[108.452771,-2.712689],[108.452863,-2.712139],[108.453138,-2.711681],[108.453413,-2.711498],[108.453596,-2.711315],[108.454695,-2.710948],[108.454512,-2.711315],[108.454512,-2.711864],[108.454604,-2.712231],[108.455153,-2.712964],[108.455703,-2.713513],[108.455978,-2.71388],[108.456253,-2.714338],[108.456619,-2.714613],[108.456894,-2.714705],[108.457352,-2.714796],[108.457719,-2.714796],[108.458085,-2.714613],[108.458269,-2.714246],[108.45836,-2.71388],[108.458269,-2.713513],[108.458177,-2.713147],[108.457994,-2.712506],[108.457719,-2.711864],[108.458543,-2.712231],[108.460376,-2.714155],[108.462025,-2.716262],[108.462941,-2.717636],[108.463399,-2.718552],[108.463399,-2.718736],[108.463491,-2.718919],[108.463491,-2.71901],[108.463399,-2.719102],[108.463307,-2.719377]]]}},{"type":"Feature","properties":{"type":"Superbuoy","name":"","objl":121},"geometry":{"type":"Polygon","coordinates":[[[108.294182,-2.959872],[108.293999,-2.958864],[108.293999,-2.958039],[108.294091,-2.957398],[108.294365,-2.95639],[108.294549,-2.956024],[108.294732,-2.955841],[108.295098,-2.955566],[108.295465,-2.955749],[108.295831,-2.956024],[108.296106,-2.956299],[108.296381,-2.956665],[108.296564,-2.957123],[108.296748,-2.957948],[108.297297,-2.959872],[108.297481,-2.960696],[108.294182,-2.959872]]]}},{"type":"Feature","properties":{"type":"depth_contour","name":"","objl":30},"geometry":{"type":"LineString","coordinates":[[108.51159,-2.678333],[108.51159,-2.678699],[108.511406,-2.678974],[108.510307,-2.679157],[108.510215,-2.679157],[108.510032,-2.678791],[108.50994,-2.678424],[108.510032,-2.677966],[108.510398,-2.6776],[108.510582,-2.677508],[108.510857,-2.677508],[108.511223,-2.677691]]}},{"type":"Feature","properties":{"type":"Superbuoy","name":"","objl":121},"geometry":{"type":"Polygon","coordinates":[[[108.511498,-2.677691],[108.511864,-2.677508],[108.512231,-2.677416],[108.512689,-2.677508],[108.513055,-2.6776],[108.514521,-2.678241],[108.515987,-2.678974],[108.513788,-2.68218],[108.512506,-2.681631],[108.511956,-2.681264],[108.511681,-2.680989],[108.511406,-2.680806],[108.511131,-2.68044],[108.51159,-2.678333],[108.51159,-2.678699],[108.511406,-2.678974],[108.511498,-2.677691]]]}},{"type":"Feature","properties":{"type":"Superbuoy","name":"","objl":121},"geometry":{"type":"Polygon","coordinates":[[[107.126431,-2.836647],[107.12579,-2.836464],[107.125149,-2.836097],[107.124599,-2.835456],[107.123958,-2.834265],[107.1224,-2.830692],[107.122125,-2.829959],[107.122034,-2.829226],[107.121942,-2.828951],[107.121851,-2.828035],[107.121851,-2.827302],[107.122034,-2.827027],[107.1224,-2.826935],[107.122675,-2.827027],[107.12295,-2.82721],[107.123408,-2.827485],[107.123958,-2.828401],[107.125149,-2.830417],[107.126157,-2.832616],[107.127073,-2.835089],[107.127256,-2.835822],[107.127256,-2.836372],[107.12689,-2.836647],[107.126431,-2.836647]]]}},{"type":"Feature","properties":{"type":"Superbuoy","name":"","objl":121},"geometry":{"type":"Polygon","coordinates":[[[107.596244,-2.771599],[107.595969,-2.772515],[107.595511,-2.773431],[107.594961,-2.774347],[107.593862,-2.77563],[107.59322,-2.776271],[107.592671,-2.777004],[107.592396,-2.777829],[107.592396,-2.778745],[107.592671,-2.779295],[107.592854,-2.779844],[107.592762,-2.780211],[107.592671,-2.780486],[107.592304,-2.780852],[107.591938,-2.780944],[107.59148,-2.780944],[107.59093,-2.780852],[107.590472,-2.780577],[107.589831,-2.780211],[107.589464,-2.779569],[107.589189,-2.779203],[107.588731,-2.778653],[107.588181,-2.777554],[107.587907,-2.776454],[107.587907,-2.775263],[107.587998,-2.774072],[107.58809,-2.772973],[107.588273,-2.770682],[107.588273,-2.770499],[107.588456,-2.7694],[107.588731,-2.768301],[107.589006,-2.767568],[107.589556,-2.767018],[107.590105,-2.76656],[107.590747,-2.766285],[107.591388,-2.766193],[107.592029,-2.766193],[107.59322,-2.76656],[107.594137,-2.76711],[107.594778,-2.767568],[107.594961,-2.767659],[107.595511,-2.768392],[107.595969,-2.769033],[107.596152,-2.769858],[107.596244,-2.770591],[107.596244,-2.771599]]]}},{"type":"Feature","properties":{"type":"depth_contour","name":"","objl":30},"geometry":{"type":"LineString","coordinates":[[108.047641,-2.584425],[108.047732,-2.585066],[108.047274,-2.585525],[108.046358,-2.585433],[108.045992,-2.58525],[108.045809,-2.584975],[108.046267,-2.58415]]}},{"type":"Feature","properties":{"type":"depth_contour","name":"","objl":30},"geometry":{"type":"LineString","coordinates":[[107.998168,-2.566377],[107.998259,-2.567018],[107.997801,-2.567476],[107.996885,-2.567384],[107.996518,-2.567201],[107.996335,-2.566926],[107.996793,-2.566102]]}},{"type":"Feature","properties":{"type":"Superbuoy","name":"","objl":121},"geometry":{"type":"Polygon","coordinates":[[[108.30765,-3.230417],[108.30765,-3.229867],[108.307833,-3.229592],[108.308475,-3.229226],[108.309207,-3.228951],[108.31049,-3.228585],[108.311315,-3.228126],[108.31159,-3.228035],[108.311864,-3.228126],[108.311956,-3.228401],[108.312048,-3.228859],[108.311681,-3.229867],[108.310857,-3.230967],[108.310215,-3.232616],[108.309666,-3.233349],[108.309574,-3.233349],[108.309574,-3.23344],[108.309482,-3.233532],[108.309391,-3.233532],[108.309024,-3.233623],[108.30875,-3.23344],[108.308383,-3.233074],[108.30765,-3.230417]]]}},{"type":"Feature","properties":{"type":"Superbuoy","name":"","objl":121},"geometry":{"type":"Point","coordinates":[108.311681,-3.221347]}},{"type":"Feature","properties":{"type":"Superbuoy","name":"","objl":121},"geometry":{"type":"Polygon","coordinates":[[[108.302977,-3.237197],[108.302428,-3.23683],[108.302061,-3.236372],[108.301878,-3.235822],[108.301878,-3.235273],[108.302061,-3.234631],[108.302245,-3.234265],[108.302428,-3.23399],[108.302703,-3.233715],[108.303069,-3.233623],[108.303436,-3.233807],[108.30371,-3.234082],[108.303894,-3.234815],[108.303985,-3.235547],[108.303894,-3.23628],[108.30371,-3.236738],[108.302977,-3.237197]]]}},{"type":"Feature","properties":{"type":"depth_contour","name":"","objl":30},"geometry":{"type":"LineString","coordinates":[[108.296748,-3.228585],[108.296931,-3.228493],[108.297206,-3.228585],[108.297389,-3.228859],[108.297297,-3.229134],[108.297114,-3.229409],[108.296839,-3.229409],[108.296564,-3.229226],[108.296473,-3.229134],[108.296473,-3.228676]]}},{"type":"Feature","properties":{"type":"Superbuoy","name":"","objl":121},"geometry":{"type":"Polygon","coordinates":[[[108.297755,-3.22721],[108.298122,-3.227852],[108.296748,-3.228585],[108.296931,-3.228493],[108.297206,-3.228585],[108.297389,-3.228859],[108.297297,-3.229134],[108.297114,-3.229409],[108.296839,-3.229409],[108.296564,-3.229226],[108.296473,-3.229134],[108.296473,-3.228676],[108.297755,-3.22721]]]}},{"type":"Feature","properties":{"type":"Superbuoy","name":"","objl":121},"geometry":{"type":"Polygon","coordinates":[[[108.233532,-3.174805],[108.233623,-3.17453],[108.233715,-3.174347],[108.234082,-3.173248],[108.234631,-3.172332],[108.235181,-3.17169],[108.235639,-3.171324],[108.235914,-3.171232],[108.236097,-3.171324],[108.23628,-3.171507],[108.23628,-3.17224],[108.236189,-3.173065],[108.236006,-3.173889],[108.235639,-3.17453],[108.235364,-3.174714],[108.234814,-3.174897],[108.234082,-3.17508],[108.233532,-3.174805]]]}},{"type":"Feature","properties":{"type":"Superbuoy","name":"","objl":121},"geometry":{"type":"Polygon","coordinates":[[[108.231241,-3.181677],[108.230875,-3.182135],[108.230508,-3.182318],[108.230234,-3.18241],[108.230142,-3.182593],[108.229867,-3.182501],[108.229684,-3.18241],[108.229592,-3.182135],[108.229592,-3.181493],[108.229501,-3.181218],[108.229501,-3.180944],[108.229684,-3.180577],[108.229959,-3.180394],[108.230417,-3.180119],[108.230967,-3.180028],[108.231333,-3.180028],[108.231608,-3.180211],[108.231608,-3.180669],[108.231241,-3.181677]]]}},{"type":"Feature","properties":{"type":"Superbuoy","name":"","objl":121},"geometry":{"type":"Polygon","coordinates":[[[108.225011,-3.171415],[108.225653,-3.170224],[108.226569,-3.169125],[108.228035,-3.167842],[108.228401,-3.167568],[108.228859,-3.167476],[108.229134,-3.167476],[108.229409,-3.167751],[108.229776,-3.1683],[108.229959,-3.16885],[108.230142,-3.169217],[108.230508,-3.170682],[108.230417,-3.171507],[108.230417,-3.171965],[108.230325,-3.172332],[108.230142,-3.172607],[108.229867,-3.172332],[108.229592,-3.172148],[108.229043,-3.171965],[108.227943,-3.172148],[108.225011,-3.172148],[108.225011,-3.171415]]]}},{"type":"Feature","properties":{"type":"Superbuoy","name":"","objl":121},"geometry":{"type":"Polygon","coordinates":[[[107.957032,-3.202932],[107.956665,-3.202382],[107.95639,-3.201832],[107.956207,-3.201283],[107.956115,-3.200824],[107.956207,-3.200275],[107.956299,-3.199908],[107.956574,-3.199634],[107.95694,-3.199359],[107.957307,-3.199359],[107.957673,-3.19945],[107.958131,-3.199725],[107.958681,-3.200275],[107.959414,-3.201374],[107.959597,-3.201924],[107.959597,-3.202565],[107.959505,-3.203115],[107.959047,-3.203481],[107.958497,-3.203573],[107.958131,-3.203481],[107.957032,-3.202932]]]}},{"type":"Feature","properties":{"type":"Superbuoy","name":"","objl":121},"geometry":{"type":"Polygon","coordinates":[[[108.244251,-3.24361],[108.245442,-3.24251],[108.246542,-3.241961],[108.247091,-3.242236],[108.244251,-3.24361]]]}},{"type":"Feature","properties":{"type":"Superbuoy","name":"","objl":121},"geometry":{"type":"Polygon","coordinates":[[[108.244068,-3.252955],[108.243518,-3.252588],[108.243152,-3.25213],[108.242968,-3.25158],[108.242968,-3.251031],[108.243152,-3.250389],[108.243335,-3.250023],[108.243518,-3.249748],[108.243793,-3.249473],[108.244159,-3.249382],[108.244526,-3.249565],[108.244801,-3.24984],[108.244984,-3.250573],[108.245076,-3.251305],[108.244984,-3.252038],[108.244801,-3.252496],[108.244068,-3.252955]]]}},{"type":"Feature","properties":{"type":"Superbuoy","name":"","objl":121},"geometry":{"type":"Polygon","coordinates":[[[107.822721,-3.21814],[107.822721,-3.217591],[107.822904,-3.217132],[107.823362,-3.216674],[107.823912,-3.216399],[107.824553,-3.216491],[107.825195,-3.216674],[107.825836,-3.217132],[107.826752,-3.218049],[107.827027,-3.218415],[107.827027,-3.218873],[107.826935,-3.219331],[107.826661,-3.219698],[107.826294,-3.220064],[107.825653,-3.220339],[107.825103,-3.220431],[107.824462,-3.220431],[107.823729,-3.220156],[107.823087,-3.219606],[107.822904,-3.219148],[107.822721,-3.21814]]]}},{"type":"Feature","properties":{"type":"depth_contour","name":"","objl":30},"geometry":{"type":"LineString","coordinates":[[107.749794,-3.342281],[107.749336,-3.342006],[107.748786,-3.341457],[107.748236,-3.34054],[107.747778,-3.339441],[107.747687,-3.338433],[107.747778,-3.337609],[107.748053,-3.336876],[107.748328,-3.336601],[107.748603,-3.336418],[107.749061,-3.336326],[107.749427,-3.336235],[107.750435,-3.336418],[107.750802,-3.336601],[107.751168,-3.336876],[107.751718,-3.337426],[107.751901,-3.337975],[107.751993,-3.338617],[107.751993,-3.339716],[107.751901,-3.340357],[107.751718,-3.34109],[107.751351,-3.34164],[107.750985,-3.342006]]}},{"type":"Feature","properties":{"type":"Superbuoy","name":"","objl":121},"geometry":{"type":"Polygon","coordinates":[[[107.749702,-3.333486],[107.750252,-3.333486],[107.750985,-3.333669],[107.751535,-3.333944],[107.752817,-3.334677],[107.753275,-3.334952],[107.753733,-3.335502],[107.754283,-3.336143],[107.754833,-3.337151],[107.755291,-3.338342],[107.755566,-3.339624],[107.755566,-3.340815],[107.755382,-3.341365],[107.755291,-3.341731],[107.754833,-3.342556],[107.754283,-3.343289],[107.753458,-3.343839],[107.752634,-3.344205],[107.751351,-3.34448],[107.749977,-3.344663],[107.749794,-3.342281],[107.749336,-3.342006],[107.748786,-3.341457],[107.748236,-3.34054],[107.747778,-3.339441],[107.747687,-3.338433],[107.747778,-3.337609],[107.748053,-3.336876],[107.748328,-3.336601],[107.748603,-3.336418],[107.749061,-3.336326],[107.749427,-3.336235],[107.750435,-3.336418],[107.750802,-3.336601],[107.751168,-3.336876],[107.751718,-3.337426],[107.751901,-3.337975],[107.751993,-3.338617],[107.751993,-3.339716],[107.751901,-3.340357],[107.751718,-3.34109],[107.751351,-3.34164],[107.750985,-3.342006],[107.749702,-3.333486]]]}},{"type":"Feature","properties":{"type":"Superbuoy","name":"","objl":121},"geometry":{"type":"Polygon","coordinates":[[[107.191571,-3.026386],[107.190289,-3.024004],[107.191296,-3.024187],[107.192213,-3.024095],[107.193129,-3.023912],[107.19322,-3.023912],[107.194228,-3.015208],[107.201649,-3.016491],[107.201741,-3.017132],[107.201832,-3.01869],[107.201741,-3.019423],[107.201191,-3.021255],[107.200825,-3.022263],[107.199725,-3.023912],[107.199084,-3.024737],[107.198351,-3.02547],[107.191571,-3.026386]]]}},{"type":"Feature","properties":{"type":"Superbuoy","name":"","objl":121},"geometry":{"type":"Polygon","coordinates":[[[107.178745,-3.026477],[107.17902,-3.027668],[107.179111,-3.028768],[107.179111,-3.030692],[107.178837,-3.031974],[107.178287,-3.032982],[107.177462,-3.033807],[107.176363,-3.03454],[107.175263,-3.035181],[107.173981,-3.035547],[107.171965,-3.036097],[107.170866,-3.03628],[107.169766,-3.03628],[107.16885,-3.036005],[107.168484,-3.035822],[107.167751,-3.035273],[107.167476,-3.034814],[107.167293,-3.034356],[107.167109,-3.033715],[107.166835,-3.032249],[107.166835,-3.030325],[107.167109,-3.028218],[107.175996,-3.0306],[107.175813,-3.030783],[107.17508,-3.031241],[107.173706,-3.031883],[107.173065,-3.031974],[107.172515,-3.032066],[107.172057,-3.032066],[107.17169,-3.031974],[107.171415,-3.031791],[107.171141,-3.031516],[107.170683,-3.030783],[107.170408,-3.029775],[107.170499,-3.028676],[107.170683,-3.028126],[107.170957,-3.027577],[107.171782,-3.026569],[107.178745,-3.026477]]]}},{"type":"Feature","properties":{"type":"Superbuoy","name":"","objl":121},"geometry":{"type":"Polygon","coordinates":[[[106.255153,-3.219972],[106.256711,-3.221347],[106.257719,-3.222171],[106.25836,-3.222996],[106.25891,-3.223912],[106.259093,-3.22437],[106.259185,-3.22492],[106.259185,-3.225653],[106.25891,-3.226294],[106.258543,-3.226752],[106.257902,-3.227027],[106.257077,-3.22721],[106.25607,-3.227119],[106.255153,-3.226935],[106.253413,-3.226111],[106.249382,-3.224095],[106.247,-3.222996],[106.244709,-3.221897],[106.242144,-3.220797],[106.239945,-3.219606],[106.238296,-3.218232],[106.237105,-3.216949],[106.235914,-3.2153],[106.235181,-3.212735],[106.234906,-3.211544],[106.234814,-3.210902],[106.234814,-3.209895],[106.234998,-3.209253],[106.235181,-3.208704],[106.235456,-3.208245],[106.235914,-3.207971],[106.236097,-3.207787],[106.236372,-3.207787],[106.236647,-3.207696],[106.237013,-3.207696],[106.238021,-3.207787],[106.239029,-3.208154],[106.240128,-3.208704],[106.255153,-3.219972]]]}},{"type":"Feature","properties":{"type":"mooring","name":"","objl":75},"geometry":{"type":"Point","coordinates":[103.40284,-0.303619]}},{"type":"Feature","properties":{"type":"pipeline","name":"","objl":86},"geometry":{"type":"Polygon","coordinates":[[[108.71827,-2.606854],[108.707331,-2.60766],[108.695102,-2.606273],[108.68576,-2.600281],[108.669799,-2.586077],[108.659684,-2.576601],[108.655811,-2.566725],[108.651989,-2.554766],[108.652516,-2.538612],[108.655057,-2.527778],[108.661445,-2.526851],[108.674055,-2.539455],[108.680445,-2.540594],[108.684824,-2.539487],[108.688652,-2.535627],[108.696311,-2.530294],[108.695938,-2.523869],[108.693191,-2.517264],[108.694827,-2.511938],[108.698291,-2.50863],[108.707602,-2.510453],[108.71253,-2.51063],[108.719828,-2.508418],[108.726398,-2.507308],[108.73735,-2.508211],[108.742458,-2.506185],[108.746651,-2.501958],[108.750203,-2.496761],[108.754723,-2.490677],[108.767568,-2.589006],[108.766285,-2.586807],[108.764636,-2.581952],[108.762529,-2.574439],[108.761612,-2.570866],[108.760513,-2.567842],[108.757123,-2.561154],[108.755841,-2.558498],[108.747595,-2.548786],[108.745854,-2.545671],[108.744205,-2.539624],[108.744297,-2.534402],[108.75651,-2.597936],[108.761595,-2.594137],[108.766321,-2.592001],[108.729546,-2.601924],[108.72918,-2.600092],[108.728997,-2.598168],[108.728905,-2.596152],[108.729088,-2.594228],[108.729821,-2.591388],[108.731837,-2.586257],[108.73312,-2.583875],[108.734311,-2.582226],[108.73541,-2.581127],[108.736326,-2.580577],[108.737242,-2.580302],[108.73825,-2.580394],[108.74054,-2.580944],[108.743106,-2.58241],[108.745671,-2.584608],[108.748328,-2.587448],[108.750527,-2.590472],[108.752268,-2.593404],[108.752909,-2.594686],[108.753367,-2.596061],[108.753917,-2.598717],[108.754008,-2.6],[108.753917,-2.601191],[108.753367,-2.603665],[108.71827,-2.606854]]]}},{"type":"Feature","properties":{"type":"pipeline","name":"","objl":86},"geometry":{"type":"Polygon","coordinates":[[[108.836677,-2.507876],[108.842433,-2.495364],[108.846746,-2.485429],[108.84897,-2.482848],[108.852566,-2.482822],[108.858788,-2.486083],[108.862397,-2.486062],[108.86571,-2.48457],[108.868587,-2.478314],[108.877311,-2.473487],[108.885339,-2.473801],[108.889399,-2.476058],[108.891583,-2.480364],[108.888748,-2.493224],[108.885916,-2.506451],[108.88198,-2.518218],[108.878382,-2.525947],[108.871854,-2.53186],[108.857296,-2.537092],[108.841277,-2.541967],[108.836177,-2.543101],[108.827065,-2.544262],[108.821976,-2.542177],[108.819707,-2.534771],[108.836677,-2.507876]]]}},{"type":"Feature","properties":{"type":"pipeline","name":"","objl":86},"geometry":{"type":"Polygon","coordinates":[[[108.634625,-2.601822],[108.627712,-2.605922],[108.619293,-2.599058],[108.623302,-2.591422],[108.599316,-2.591221],[108.594631,-2.600057],[108.59249,-2.607408],[108.592687,-2.6122],[108.595103,-2.616563],[108.614844,-2.623037],[108.622209,-2.633627],[108.632082,-2.637231],[108.656158,-2.637073],[108.662354,-2.636298],[108.665976,-2.632239],[108.670296,-2.623406],[108.666948,-2.613522],[108.661424,-2.605487],[108.653735,-2.601135],[108.646679,-2.598454],[108.639096,-2.596302],[108.634625,-2.601822]]]}},{"type":"Feature","properties":{"type":"pipeline","name":"","objl":86},"geometry":{"type":"Polygon","coordinates":[[[108.328431,-3.000356],[108.329536,-2.996927],[108.332766,-2.993818],[108.33825,-2.990635],[108.341483,-2.982912],[108.344344,-2.974091],[108.349756,-2.964886],[108.354133,-2.964858],[108.357859,-2.967796],[108.357834,-2.972902],[108.355343,-2.982454],[108.350667,-2.992754],[108.345236,-2.999024],[108.328431,-3.000356]]]}},{"type":"Feature","properties":{"type":"pipeline","name":"\u00003.5","objl":86},"geometry":{"type":"Polygon","coordinates":[[[108.944352,-2.912917],[108.942557,-2.905183],[108.945634,-2.896418],[108.952557,-2.890231],[108.961275,-2.891004],[108.971019,-2.898223],[108.976916,-2.907762],[108.97589,-2.916527],[108.970249,-2.921683],[108.944352,-2.912917]]]}},{"type":"Feature","properties":{"type":"pipeline","name":"}\u00006","objl":86},"geometry":{"type":"Polygon","coordinates":[[[108.060698,-2.049563],[108.054685,-2.053376],[108.051993,-2.0614],[108.052217,-2.067657],[108.054909,-2.073713],[108.058776,-2.077645],[108.064728,-2.078526],[108.076037,-2.078019],[108.081894,-2.077182],[108.087016,-2.073584],[108.087469,-2.069992],[108.087398,-2.06604],[108.082649,-2.057758],[108.078903,-2.053247],[108.072492,-2.048657],[108.060698,-2.049563]]]}},{"type":"Feature","properties":{"type":"sounding","name":"","objl":129,"depth":144.0},"geometry":{"type":"Point","coordinates":[102.071828,-4.020614]}},{"type":"Feature","properties":{"type":"sounding","name":"","objl":129,"depth":144.0},"geometry":{"type":"Point","coordinates":[102.037838,-3.906276]}},{"type":"Feature","properties":{"type":"sounding","name":"","objl":129,"depth":17.0},"geometry":{"type":"Point","coordinates":[105.844526,-1.348878]}},{"type":"Feature","properties":{"type":"sounding","name":"","objl":129,"depth":15.0},"geometry":{"type":"Point","coordinates":[107.485296,-3.784059]}},{"type":"Feature","properties":{"type":"sounding","name":"","objl":129,"depth":16.5},"geometry":{"type":"Point","coordinates":[106.882913,-1.062391]}},{"type":"Feature","properties":{"type":"sounding","name":"","objl":129,"depth":11.9},"geometry":{"type":"Point","coordinates":[107.119835,-1.225195]}},{"type":"Feature","properties":{"type":"sounding","name":"","objl":129,"depth":20.0},"geometry":{"type":"Point","coordinates":[109.782501,-3.137334]}},{"type":"Feature","properties":{"type":"sounding","name":"","objl":129,"depth":12.8},"geometry":{"type":"Point","coordinates":[107.446633,-1.737884]}},{"type":"Feature","properties":{"type":"sounding","name":"","objl":129,"depth":13.7},"geometry":{"type":"Point","coordinates":[109.935776,-3.429592]}},{"type":"Feature","properties":{"type":"sounding","name":"","objl":129,"depth":33.0},"geometry":{"type":"Point","coordinates":[107.349519,-0.868713]}},{"type":"Feature","properties":{"type":"sounding","name":"","objl":129,"depth":20.0},"geometry":{"type":"Point","coordinates":[107.290518,-1.817132]}},{"type":"Feature","properties":{"type":"sounding","name":"","objl":129,"depth":23.5},"geometry":{"type":"Point","coordinates":[106.319985,-0.865967]}},{"type":"Feature","properties":{"type":"sounding","name":"","objl":129,"depth":34.0},"geometry":{"type":"Point","coordinates":[107.089876,-0.740266]}},{"type":"Feature","properties":{"type":"sounding","name":"","objl":129,"depth":29.0},"geometry":{"type":"Point","coordinates":[107.419514,-0.911498]}},{"type":"Feature","properties":{"type":"sounding","name":"","objl":129,"depth":20.0},"geometry":{"type":"Point","coordinates":[109.801008,-3.358314]}},{"type":"Feature","properties":{"type":"sounding","name":"","objl":129,"depth":43.0},"geometry":{"type":"Point","coordinates":[106.249015,-0.186532]}},{"type":"Feature","properties":{"type":"sounding","name":"","objl":129,"depth":29.0},"geometry":{"type":"Point","coordinates":[108.942648,-4.052222]}},{"type":"Feature","properties":{"type":"sounding","name":"","objl":129,"depth":29.0},"geometry":{"type":"Point","coordinates":[107.836372,-2.432341]}},{"type":"Feature","properties":{"type":"sounding","name":"","objl":129,"depth":11.5},"geometry":{"type":"Point","coordinates":[110.124324,-3.303985]}},{"type":"Feature","properties":{"type":"sounding","name":"","objl":129,"depth":20.0},"geometry":{"type":"Point","coordinates":[108.749702,-1.951718]}},{"type":"Feature","properties":{"type":"sounding","name":"","objl":129,"depth":14.6},"geometry":{"type":"Point","coordinates":[109.210628,-2.084837]}},{"type":"Feature","properties":{"type":"sounding","name":"","objl":129,"depth":10.0},"geometry":{"type":"Point","coordinates":[106.872377,-2.140907]}},{"type":"Feature","properties":{"type":"sounding","name":"","objl":129,"depth":11.5},"geometry":{"type":"Point","coordinates":[106.892167,-2.433532]}},{"type":"Feature","properties":{"type":"sounding","name":"","objl":129,"depth":28.0},"geometry":{"type":"Point","coordinates":[108.102061,-1.327256]}},{"type":"Feature","properties":{"type":"sounding","name":"","objl":129,"depth":41.0},"geometry":{"type":"Point","coordinates":[109.613468,-3.817041]}},{"type":"Feature","properties":{"type":"sounding","name":"","objl":129,"depth":27.0},"geometry":{"type":"Point","coordinates":[109.973798,-4.034082]}},{"type":"Feature","properties":{"type":"sounding","name":"","objl":129,"depth":28.5},"geometry":{"type":"Point","coordinates":[107.531654,-2.058177]}},{"type":"Feature","properties":{"type":"sounding","name":"","objl":129,"depth":26.0},"geometry":{"type":"Point","coordinates":[107.621325,-2.051563]}},{"type":"Feature","properties":{"type":"sounding","name":"","objl":129,"depth":30.0},"geometry":{"type":"Point","coordinates":[107.612002,-1.865415]}},{"type":"Feature","properties":{"type":"sounding","name":"","objl":129,"depth":17.7},"geometry":{"type":"Point","coordinates":[107.336876,-1.554375]}},{"type":"Feature","properties":{"type":"sounding","name":"","objl":129,"depth":15.0},"geometry":{"type":"Point","coordinates":[108.779661,-2.272103]}},{"type":"Feature","properties":{"type":"sounding","name":"","objl":129,"depth":18.8},"geometry":{"type":"Point","coordinates":[108.796885,-2.082913]}},{"type":"Feature","properties":{"type":"sounding","name":"","objl":129,"depth":18.0},"geometry":{"type":"Point","coordinates":[110.102886,-4.841044]}},{"type":"Feature","properties":{"type":"sounding","name":"","objl":129,"depth":25.5},"geometry":{"type":"Point","coordinates":[108.558314,-1.762254]}},{"type":"Feature","properties":{"type":"sounding","name":"","objl":129,"depth":33.0},"geometry":{"type":"Point","coordinates":[106.804214,-0.574989]}},{"type":"Feature","properties":{"type":"sounding","name":"","objl":129,"depth":26.5},"geometry":{"type":"Point","coordinates":[107.479066,-2.168575]}},{"type":"Feature","properties":{"type":"sounding","name":"","objl":129,"depth":16.7},"geometry":{"type":"Point","coordinates":[108.646816,-2.000825]}},{"type":"Feature","properties":{"type":"sounding","name":"","objl":129,"depth":5.0},"geometry":{"type":"Point","coordinates":[109.987174,-1.728905]}},{"type":"Feature","properties":{"type":"sounding","name":"","objl":129,"depth":12.3},"geometry":{"type":"Point","coordinates":[109.852588,-1.716354]}},{"type":"Feature","properties":{"type":"sounding","name":"","objl":129,"depth":50.0},"geometry":{"type":"Point","coordinates":[107.063033,-0.403848]}},{"type":"Feature","properties":{"type":"sounding","name":"","objl":129,"depth":60.0},"geometry":{"type":"Point","coordinates":[107.157032,-0.013834]}},{"type":"Feature","properties":{"type":"sounding","name":"","objl":129,"depth":5.2},"geometry":{"type":"Point","coordinates":[106.228493,-2.136235]}},{"type":"Feature","properties":{"type":"sounding","name":"","objl":129,"depth":12.0},"geometry":{"type":"Point","coordinates":[108.564727,-0.954924]}},{"type":"Feature","properties":{"type":"sounding","name":"","objl":129,"depth":23.0},"geometry":{"type":"Point","coordinates":[110.193862,-3.247641]}},{"type":"Feature","properties":{"type":"sounding","name":"","objl":129,"depth":32.0},"geometry":{"type":"Point","coordinates":[110.255612,-3.718552]}},{"type":"Feature","properties":{"type":"sounding","name":"","objl":129,"depth":55.0},"geometry":{"type":"Point","coordinates":[107.268713,-0.376363]}},{"type":"Feature","properties":{"type":"sounding","name":"","objl":129,"depth":15.5},"geometry":{"type":"Point","coordinates":[109.883518,-3.390975]}},{"type":"Feature","properties":{"type":"sounding","name":"","objl":129,"depth":18.0},"geometry":{"type":"Point","coordinates":[110.088655,-3.770478]}},{"type":"Feature","properties":{"type":"sounding","name":"","objl":129,"depth":15.0},"geometry":{"type":"Point","coordinates":[109.246659,-2.065552]}},{"type":"Feature","properties":{"type":"sounding","name":"","objl":129,"depth":3.5},"geometry":{"type":"Point","coordinates":[108.427319,-3.113537]}},{"type":"Feature","properties":{"type":"sounding","name":"","objl":129,"depth":2.7},"geometry":{"type":"Point","coordinates":[106.21552,-3.003276]}},{"type":"Feature","properties":{"type":"sounding","name":"","objl":129,"depth":0.5},"geometry":{"type":"Point","coordinates":[105.884703,-2.681504]}},{"type":"Feature","properties":{"type":"sounding","name":"","objl":129,"depth":14.0},"geometry":{"type":"Point","coordinates":[104.213455,-0.715397]}},{"type":"Feature","properties":{"type":"sounding","name":"","objl":129,"depth":18.0},"geometry":{"type":"Point","coordinates":[107.267773,-4.000853]}},{"type":"Feature","properties":{"type":"sounding","name":"","objl":129,"depth":2.0},"geometry":{"type":"Point","coordinates":[106.713317,-1.197302]}},{"type":"Feature","properties":{"type":"sounding","name":"","objl":129,"depth":16.0},"geometry":{"type":"Point","coordinates":[104.912019,-0.521949]}},{"type":"Feature","properties":{"type":"sounding","name":"","objl":129,"depth":21.0},"geometry":{"type":"Point","coordinates":[108.647878,-1.131684]}},{"type":"Feature","properties":{"type":"sounding","name":"","objl":129,"depth":37.0},"geometry":{"type":"Point","coordinates":[108.608956,-2.393433]}},{"type":"Feature","properties":{"type":"sounding","name":"","objl":129,"depth":29.5},"geometry":{"type":"Point","coordinates":[108.176667,-1.86]}},{"type":"Feature","properties":{"type":"sounding","name":"","objl":129,"depth":6.4},"geometry":{"type":"Point","coordinates":[108.145014,-1.918611]}},{"type":"Feature","properties":{"type":"sounding","name":"","objl":129,"depth":3.5},"geometry":{"type":"Point","coordinates":[109.12918,-2.952176]}},{"type":"Feature","properties":{"type":"sounding","name":"","objl":129,"depth":6.0},"geometry":{"type":"Point","coordinates":[105.804398,-2.462391]}},{"type":"Feature","properties":{"type":"sounding","name":"","objl":129,"depth":18.0},"geometry":{"type":"Point","coordinates":[105.047549,-0.966285]}},{"type":"Feature","properties":{"type":"sounding","name":"","objl":129,"depth":27.0},"geometry":{"type":"Point","coordinates":[107.33147,-2.8612]}},{"type":"Feature","properties":{"type":"sounding","name":"","objl":129,"depth":35.0},"geometry":{"type":"Point","coordinates":[108.264315,-1.415941]}},{"type":"Feature","properties":{"type":"sounding","name":"","objl":129,"depth":57.0},"geometry":{"type":"Point","coordinates":[110.439121,-4.866239]}},{"type":"Feature","properties":{"type":"sounding","name":"","objl":129,"depth":7.8},"geometry":{"type":"Point","coordinates":[109.9173,-3.466113]}},{"type":"Feature","properties":{"type":"sounding","name":"","objl":129,"depth":16.5},"geometry":{"type":"Point","coordinates":[107.316667,-2.721667]}},{"type":"Feature","properties":{"type":"sounding","name":"","objl":129,"depth":14.6},"geometry":{"type":"Point","coordinates":[110.314153,-3.949254]}},{"type":"Feature","properties":{"type":"sounding","name":"","objl":129,"depth":5.7},"geometry":{"type":"Point","coordinates":[108.335511,-3.295976]}},{"type":"Feature","properties":{"type":"sounding","name":"","objl":129,"depth":1.2},"geometry":{"type":"Point","coordinates":[106.234568,-3.050634]}},{"type":"Feature","properties":{"type":"sounding","name":"","objl":129,"depth":9.6},"geometry":{"type":"Point","coordinates":[109.963333,-2.63]}},{"type":"Feature","properties":{"type":"sounding","name":"","objl":129,"depth":0.3},"geometry":{"type":"Point","coordinates":[105.912106,-2.708773]}},{"type":"Feature","properties":{"type":"sounding","name":"","objl":129,"depth":16.0},"geometry":{"type":"Point","coordinates":[105.838674,-2.685616]}},{"type":"Feature","properties":{"type":"sounding","name":"","objl":129,"depth":7.2},"geometry":{"type":"Point","coordinates":[108.129091,-2.000376]}},{"type":"Feature","properties":{"type":"sounding","name":"","objl":129,"depth":17.8},"geometry":{"type":"Point","coordinates":[107.334526,-3.95054]}},{"type":"Feature","properties":{"type":"sounding","name":"","objl":129,"depth":3.5},"geometry":{"type":"Point","coordinates":[110.30775,-3.406116]}},{"type":"Feature","properties":{"type":"sounding","name":"","objl":129,"depth":35.0},"geometry":{"type":"Point","coordinates":[108.266701,-1.634102]}},{"type":"Feature","properties":{"type":"sounding","name":"","objl":129,"depth":32.0},"geometry":{"type":"Point","coordinates":[109.737736,-4.029837]}},{"type":"Feature","properties":{"type":"sounding","name":"","objl":129,"depth":25.5},"geometry":{"type":"Point","coordinates":[108.27,-1.865]}},{"type":"Feature","properties":{"type":"sounding","name":"","objl":129,"depth":24.5},"geometry":{"type":"Point","coordinates":[107.311667,-4.858333]}},{"type":"Feature","properties":{"type":"sounding","name":"","objl":129,"depth":6.0},"geometry":{"type":"Point","coordinates":[104.376546,-0.205589]}},{"type":"Feature","properties":{"type":"sounding","name":"","objl":129,"depth":41.0},"geometry":{"type":"Point","coordinates":[109.001649,-4.321209]}},{"type":"Feature","properties":{"type":"sounding","name":"","objl":129,"depth":19.8},"geometry":{"type":"Point","coordinates":[110.631158,-3.763614]}},{"type":"Feature","properties":{"type":"sounding","name":"","objl":129,"depth":33.0},"geometry":{"type":"Point","coordinates":[110.583333,-4.725]}},{"type":"Feature","properties":{"type":"sounding","name":"","objl":129,"depth":6.4},"geometry":{"type":"Point","coordinates":[110.118069,-3.769742]}},{"type":"Feature","properties":{"type":"sounding","name":"","objl":129,"depth":16.0},"geometry":{"type":"Point","coordinates":[105.331914,-1.12278]}},{"type":"Feature","properties":{"type":"sounding","name":"","objl":129,"depth":1.5},"geometry":{"type":"Point","coordinates":[110.33776,-3.250629]}},{"type":"Feature","properties":{"type":"sounding","name":"","objl":129,"depth":21.0},"geometry":{"type":"Point","coordinates":[109.758392,-2.318298]}},{"type":"Feature","properties":{"type":"sounding","name":"","objl":129,"depth":33.0},"geometry":{"type":"Point","coordinates":[107.48521,-1.203095]}},{"type":"Feature","properties":{"type":"sounding","name":"","objl":129,"depth":34.0},"geometry":{"type":"Point","coordinates":[109.843205,-4.295045]}},{"type":"Feature","properties":{"type":"sounding","name":"","objl":129,"depth":10.0},"geometry":{"type":"Point","coordinates":[110.597068,-3.477416]}},{"type":"Feature","properties":{"type":"sounding","name":"","objl":129,"depth":21.0},"geometry":{"type":"Point","coordinates":[108.707375,-0.783601]}},{"type":"Feature","properties":{"type":"sounding","name":"","objl":129,"depth":11.5},"geometry":{"type":"Point","coordinates":[108.760699,-2.183485]}},{"type":"Feature","properties":{"type":"sounding","name":"","objl":129,"depth":22.0},"geometry":{"type":"Point","coordinates":[107.672085,-0.767296]}},{"type":"Feature","properties":{"type":"sounding","name":"","objl":129,"depth":27.5},"geometry":{"type":"Point","coordinates":[108.798333,-3.898333]}},{"type":"Feature","properties":{"type":"sounding","name":"","objl":129,"depth":23.0},"geometry":{"type":"Point","coordinates":[108.671112,-2.192322]}},{"type":"Feature","properties":{"type":"sounding","name":"","objl":129,"depth":16.8},"geometry":{"type":"Point","coordinates":[107.007376,-3.994231]}},{"type":"Feature","properties":{"type":"sounding","name":"","objl":129,"depth":16.8},"geometry":{"type":"Point","coordinates":[107.070991,-3.895626]}},{"type":"Feature","properties":{"type":"sounding","name":"","objl":129,"depth":1.0},"geometry":{"type":"Point","coordinates":[104.883005,-2.035089]}},{"type":"Feature","properties":{"type":"sounding","name":"","objl":129,"depth":16.0},"geometry":{"type":"Point","coordinates":[110.247641,-2.933394]}},{"type":"Feature","properties":{"type":"sounding","name":"","objl":129,"depth":21.0},"geometry":{"type":"Point","coordinates":[105.559688,-2.28896]}},{"type":"Feature","properties":{"type":"sounding","name":"","objl":129,"depth":43.0},"geometry":{"type":"Point","coordinates":[105.277691,-1.690518]}},{"type":"Feature","properties":{"type":"sounding","name":"","objl":129,"depth":32.0},"geometry":{"type":"Point","coordinates":[108.429317,-3.429409]}},{"type":"Feature","properties":{"type":"sounding","name":"","objl":129,"depth":29.0},"geometry":{"type":"Point","coordinates":[102.375905,-4.175355]}},{"type":"Feature","properties":{"type":"sounding","name":"","objl":129,"depth":7.0},"geometry":{"type":"Point","coordinates":[102.254054,-3.78076]}},{"type":"Feature","properties":{"type":"sounding","name":"","objl":129,"depth":14.0},"geometry":{"type":"Point","coordinates":[102.881081,-4.523042]}},{"type":"Feature","properties":{"type":"sounding","name":"","objl":129,"depth":29.0},"geometry":{"type":"Point","coordinates":[102.480348,-4.196793]}},{"type":"Feature","properties":{"type":"sounding","name":"","objl":129,"depth":41.0},"geometry":{"type":"Point","coordinates":[102.712139,-4.416674]}},{"type":"Feature","properties":{"type":"sounding","name":"","objl":129,"depth":68.0},"geometry":{"type":"Point","coordinates":[102.703436,-4.523316]}},{"type":"Feature","properties":{"type":"sounding","name":"","objl":129,"depth":1116.0},"geometry":{"type":"Point","coordinates":[102.918278,-4.815392]}},{"type":"Feature","properties":{"type":"sounding","name":"","objl":129,"depth":8.0},"geometry":{"type":"Point","coordinates":[102.145671,-3.835364]}},{"type":"Feature","properties":{"type":"sounding","name":"","objl":129,"depth":27.0},"geometry":{"type":"Point","coordinates":[102.95749,-4.630509]}},{"type":"Feature","properties":{"type":"sounding","name":"","objl":129,"depth":45.0},"geometry":{"type":"Point","coordinates":[103.492075,-4.899771]}},{"type":"Feature","properties":{"type":"sounding","name":"","objl":129,"depth":55.0},"geometry":{"type":"Point","coordinates":[102.827668,-4.587357]}},{"type":"Feature","properties":{"type":"sounding","name":"","objl":129,"depth":1768.0},"geometry":{"type":"Point","coordinates":[102.075951,-4.868621]}},{"type":"Feature","properties":{"type":"sounding","name":"","objl":129,"depth":95.0},"geometry":{"type":"Point","coordinates":[102.217547,-4.398219]}},{"type":"Feature","properties":{"type":"sounding","name":"","objl":129,"depth":16.0},"geometry":{"type":"Point","coordinates":[102.491067,-4.156024]}},{"type":"Feature","properties":{"type":"sounding","name":"","objl":129,"depth":1280.0},"geometry":{"type":"Point","coordinates":[102.371415,-4.979661]}},{"type":"Feature","properties":{"type":"sounding","name":"","objl":129,"depth":90.0},"geometry":{"type":"Point","coordinates":[102.571141,-4.560238]}},{"type":"Feature","properties":{"type":"depth_contour","name":"","objl":30},"geometry":{"type":"LineString","coordinates":[[104.256988,-0.616009],[104.256439,-0.615734],[104.256255,-0.615825],[104.255797,-0.616375],[104.255614,-0.617108],[104.255522,-0.617933],[104.255889,-0.618665],[104.256439,-0.619032],[104.25708,-0.619032],[104.257446,-0.618849],[104.258179,-0.617841],[104.258271,-0.617383],[104.258088,-0.616925]]}},{"type":"Feature","properties":{"type":"depth_contour","name":"","objl":30},"geometry":{"type":"LineString","coordinates":[[104.17325,-0.367543],[104.173708,-0.368276],[104.1738,-0.369192],[104.173342,-0.370109],[104.172609,-0.370383],[104.172242,-0.370292],[104.171968,-0.370017],[104.171876,-0.369467],[104.172334,-0.36736]]}},{"type":"Feature","properties":{"type":"depth_contour","name":"","objl":30},"geometry":{"type":"LineString","coordinates":[[109.121276,-1.699347],[109.119342,-1.69935],[109.11811,-1.698467],[109.118634,-1.695989],[109.120565,-1.694394],[109.122325,-1.695098]]}},{"type":"Feature","properties":{"type":"depth_contour","name":"","objl":30},"geometry":{"type":"LineString","coordinates":[[109.104039,-1.695129],[109.10668,-1.697424],[109.107387,-1.699546],[109.107214,-1.701493]]}},{"type":"Feature","properties":{"type":"depth_contour","name":"","objl":30},"geometry":{"type":"LineString","coordinates":[[109.088751,-1.700992],[109.090511,-1.702051],[109.092096,-1.703818],[109.091219,-1.705058],[109.089636,-1.704706],[109.088932,-1.704]]}},{"type":"Feature","properties":{"type":"mooring","name":"","objl":75},"geometry":{"type":"Point","coordinates":[110.239738,-2.899232]}},{"type":"Feature","properties":{"type":"mooring","name":"","objl":75},"geometry":{"type":"Point","coordinates":[106.536876,-2.521026]}},{"type":"Feature","properties":{"type":"mooring","name":"","objl":75},"geometry":{"type":"Point","coordinates":[106.573706,-2.53486]}},{"type":"Feature","properties":{"type":"mooring","name":"","objl":75},"geometry":{"type":"Point","coordinates":[107.929455,-2.557306]}},{"type":"Feature","properties":{"type":"mooring","name":"","objl":75},"geometry":{"type":"Point","coordinates":[107.91333,-2.55978]}},{"type":"Feature","properties":{"type":"mooring","name":"","objl":75},"geometry":{"type":"Point","coordinates":[106.62098,-2.949611]}},{"type":"Feature","properties":{"type":"sounding","name":"","objl":129,"depth":15.0},"geometry":{"type":"Point","coordinates":[106.703121,-3.744488]}},{"type":"Feature","properties":{"type":"sounding","name":"","objl":129,"depth":34.0},"geometry":{"type":"Point","coordinates":[108.046305,-4.976594]}}],"metadata":{"source":"EA200004 Ed3 S-57 ENC","name":"Indonesia \u2014 Karimata Strait / Bangka Belitung / Sumatra\u2013Borneo","bounds":{"s":-5.0,"w":102.0,"n":0.0,"e":110.83},"crs":"WGS84","note":"Covers Karimata Strait, Bangka Belitung islands, southern approaches between Sumatra and Borneo"}}